Model Name,Model Coverage,Model Average Backbone Error,Model Twisted Peptide Count,Model Twisted Peptide Frac,Model cis/trans Flips,Model cis/trans Flip Frac,Model Average Sidechain Error,Template Name,Template Coverage,Template Average Backbone Error,Template Twisted Peptide Count,Template Twisted Peptide Frac,Template cis/trans Flips,Template cis/trans Flip Frac,Template Average Sidechain Error
T1002TS224_5-D2,1.000,21.650,0,0.000,0,0.000,30.711,N/A,N/A,N/A,N/A,N/A,N/A,N/A,N/A
T1002TS337_4-D2,1.000,39.525,0,0.000,0,0.000,53.019,N/A,N/A,N/A,N/A,N/A,N/A,N/A,N/A
T1002TS110_4-D2,1.000,36.224,1,0.017,0,0.000,38.710,N/A,N/A,N/A,N/A,N/A,N/A,N/A,N/A
T1002TS047_2-D2,1.000,58.157,0,0.000,0,0.000,55.262,N/A,N/A,N/A,N/A,N/A,N/A,N/A,N/A
T1002TS279_1-D2,1.000,37.006,0,0.000,1,0.017,48.538,N/A,N/A,N/A,N/A,N/A,N/A,N/A,N/A
T1002TS164_1-D2,1.000,26.612,9,0.153,0,0.000,44.112,N/A,N/A,N/A,N/A,N/A,N/A,N/A,N/A
T1002TS222_2-D2,1.000,20.776,0,0.000,0,0.000,26.618,N/A,N/A,N/A,N/A,N/A,N/A,N/A,N/A
T1002TS378_1-D2,1.000,39.735,0,0.000,0,0.000,46.999,N/A,N/A,N/A,N/A,N/A,N/A,N/A,N/A
T1002TS243_5-D2,1.000,18.685,0,0.000,0,0.000,45.113,N/A,N/A,N/A,N/A,N/A,N/A,N/A,N/A
T1002TS043_3-D2,1.000,15.918,0,0.000,0,0.000,27.157,N/A,N/A,N/A,N/A,N/A,N/A,N/A,N/A
T1002TS460_1-D2,1.000,18.734,0,0.000,0,0.000,31.396,N/A,N/A,N/A,N/A,N/A,N/A,N/A,N/A
T1002TS282_1-D2,1.000,42.831,0,0.000,1,0.017,49.615,N/A,N/A,N/A,N/A,N/A,N/A,N/A,N/A
T1002TS055_3-D2,1.000,19.489,0,0.000,0,0.000,29.986,N/A,N/A,N/A,N/A,N/A,N/A,N/A,N/A
T1002TS457_2-D2,1.000,23.536,0,0.000,0,0.000,33.893,N/A,N/A,N/A,N/A,N/A,N/A,N/A,N/A
T1002TS266_3-D2,1.000,29.210,0,0.000,0,0.000,45.909,N/A,N/A,N/A,N/A,N/A,N/A,N/A,N/A
T1002TS124_4-D2,1.000,23.493,0,0.000,0,0.000,46.589,N/A,N/A,N/A,N/A,N/A,N/A,N/A,N/A
T1002TS261_5-D2,1.000,27.506,9,0.153,1,0.017,44.708,4krt,1.000,15.162,0,0.000,0,0.000,48.443
T1002TS358_2-D2,1.000,51.541,18,0.305,0,0.000,44.504,N/A,N/A,N/A,N/A,N/A,N/A,N/A,N/A
T1002TS135_3-D2,1.000,19.758,0,0.000,0,0.000,30.827,4krt,1.000,15.162,0,0.000,0,0.000,48.443
T1002TS472_1-D2,1.000,39.143,0,0.000,0,0.000,51.636,N/A,N/A,N/A,N/A,N/A,N/A,N/A,N/A
T1002TS257_4-D2,1.000,39.418,0,0.000,0,0.000,46.783,N/A,N/A,N/A,N/A,N/A,N/A,N/A,N/A
T1002TS196_4-D2,1.000,33.197,27,0.458,2,0.034,30.464,N/A,N/A,N/A,N/A,N/A,N/A,N/A,N/A
T1002TS368_5-D2,1.000,50.126,0,0.000,1,0.017,41.755,N/A,N/A,N/A,N/A,N/A,N/A,N/A,N/A
T1002TS122_2-D2,1.000,37.736,0,0.000,0,0.000,44.872,N/A,N/A,N/A,N/A,N/A,N/A,N/A,N/A
T1002TS156_4-D2,1.000,20.490,0,0.000,0,0.000,28.712,4krt,1.000,15.162,0,0.000,0,0.000,48.443
T1002TS208_1-D2,1.000,46.380,0,0.000,0,0.000,46.901,N/A,N/A,N/A,N/A,N/A,N/A,N/A,N/A
T1002TS007_2-D2,1.000,46.715,0,0.000,0,0.000,49.202,N/A,N/A,N/A,N/A,N/A,N/A,N/A,N/A
T1002TS124_3-D2,1.000,24.880,0,0.000,0,0.000,44.622,N/A,N/A,N/A,N/A,N/A,N/A,N/A,N/A
T1002TS335_4-D2,1.000,58.473,0,0.000,2,0.034,44.642,N/A,N/A,N/A,N/A,N/A,N/A,N/A,N/A
T1002TS192_1-D2,1.000,27.506,9,0.153,1,0.017,44.708,4krt,1.000,15.162,0,0.000,0,0.000,48.443
T1002TS446_5-D2,1.000,18.996,0,0.000,0,0.000,36.401,N/A,N/A,N/A,N/A,N/A,N/A,N/A,N/A
T1002TS241_1-D2,1.000,19.758,0,0.000,0,0.000,30.827,N/A,N/A,N/A,N/A,N/A,N/A,N/A,N/A
T1002TS160_4-D2,1.000,52.067,18,0.305,0,0.000,52.608,N/A,N/A,N/A,N/A,N/A,N/A,N/A,N/A
T1002TS324_4-D2,1.000,15.378,0,0.000,0,0.000,36.839,4krt,1.000,15.162,0,0.000,0,0.000,48.443
T1002TS197_1-D2,1.000,18.252,0,0.000,0,0.000,48.356,N/A,N/A,N/A,N/A,N/A,N/A,N/A,N/A
T1002TS214_3-D2,1.000,43.732,0,0.000,0,0.000,35.985,N/A,N/A,N/A,N/A,N/A,N/A,N/A,N/A
T1002TS492_3-D2,1.000,44.095,0,0.000,0,0.000,47.595,N/A,N/A,N/A,N/A,N/A,N/A,N/A,N/A
T1002TS378_5-D2,1.000,38.954,0,0.000,0,0.000,49.308,N/A,N/A,N/A,N/A,N/A,N/A,N/A,N/A
T1002TS351_4-D2,1.000,38.728,0,0.000,1,0.017,49.580,N/A,N/A,N/A,N/A,N/A,N/A,N/A,N/A
T1002TS322_3-D2,1.000,31.041,6,0.102,1,0.017,49.479,4krt,1.000,15.162,0,0.000,0,0.000,48.443
T1002TS381_1-D2,1.000,39.768,0,0.000,0,0.000,48.989,N/A,N/A,N/A,N/A,N/A,N/A,N/A,N/A
T1002TS406_5-D2,1.000,20.490,0,0.000,0,0.000,28.712,4krt,1.000,15.162,0,0.000,0,0.000,48.443
T1002TS068_4-D2,1.000,15.722,0,0.000,0,0.000,26.097,4krt,1.000,15.162,0,0.000,0,0.000,48.443
T1002TS426_2-D2,1.000,26.780,1,0.017,0,0.000,40.381,N/A,N/A,N/A,N/A,N/A,N/A,N/A,N/A
T1002TS164_3-D2,1.000,48.272,12,0.203,0,0.000,49.232,N/A,N/A,N/A,N/A,N/A,N/A,N/A,N/A
T1002TS377_5-D2,1.000,43.732,0,0.000,0,0.000,35.985,N/A,N/A,N/A,N/A,N/A,N/A,N/A,N/A
T1002TS261_1-D2,1.000,21.822,2,0.034,0,0.000,40.530,4krt,1.000,15.162,0,0.000,0,0.000,48.443
T1002TS192_5-D2,1.000,21.791,4,0.068,0,0.000,47.518,4krt,1.000,15.162,0,0.000,0,0.000,48.443
T1002TS244_4-D2,1.000,24.147,0,0.000,0,0.000,44.402,N/A,N/A,N/A,N/A,N/A,N/A,N/A,N/A
T1002TS335_1-D2,1.000,41.366,1,0.017,3,0.051,44.436,N/A,N/A,N/A,N/A,N/A,N/A,N/A,N/A
T1002TS041_3-D2,1.000,35.575,0,0.000,1,0.017,50.497,N/A,N/A,N/A,N/A,N/A,N/A,N/A,N/A
T1002TS397_3-D2,1.000,25.158,4,0.068,1,0.017,42.671,3npf,0.983,19.047,0,0.000,0,0.000,49.466
T1002TS337_1-D2,1.000,42.100,0,0.000,0,0.000,45.538,N/A,N/A,N/A,N/A,N/A,N/A,N/A,N/A
T1002TS208_5-D2,1.000,44.117,0,0.000,0,0.000,51.344,N/A,N/A,N/A,N/A,N/A,N/A,N/A,N/A
T1002TS368_4-D2,1.000,52.851,0,0.000,0,0.000,44.453,N/A,N/A,N/A,N/A,N/A,N/A,N/A,N/A
T1002TS192_4-D2,1.000,19.202,0,0.000,0,0.000,37.621,N/A,N/A,N/A,N/A,N/A,N/A,N/A,N/A
T1002TS348_4-D2,1.000,60.960,8,0.136,9,0.153,44.491,N/A,N/A,N/A,N/A,N/A,N/A,N/A,N/A
T1002TS116_1-D2,1.000,24.441,0,0.000,0,0.000,40.831,3npf,0.983,19.053,0,0.000,0,0.000,51.368
T1002TS023_3-D2,1.000,19.217,0,0.000,0,0.000,35.062,N/A,N/A,N/A,N/A,N/A,N/A,N/A,N/A
T1002TS281_1-D2,0.932,16.214,0,0.000,0,0.000,30.037,N/A,N/A,N/A,N/A,N/A,N/A,N/A,N/A
T1002TS406_4-D2,1.000,22.443,0,0.000,0,0.000,42.689,N/A,N/A,N/A,N/A,N/A,N/A,N/A,N/A
T1002TS055_5-D2,1.000,45.310,0,0.000,0,0.000,44.936,N/A,N/A,N/A,N/A,N/A,N/A,N/A,N/A
T1002TS243_3-D2,1.000,17.551,0,0.000,0,0.000,40.535,N/A,N/A,N/A,N/A,N/A,N/A,N/A,N/A
T1002TS124_2-D2,1.000,26.146,0,0.000,0,0.000,53.886,N/A,N/A,N/A,N/A,N/A,N/A,N/A,N/A
T1002TS112_5-D2,1.000,23.428,0,0.000,0,0.000,43.423,N/A,N/A,N/A,N/A,N/A,N/A,N/A,N/A
T1002TS117_1-D2,1.000,22.686,0,0.000,0,0.000,33.986,N/A,N/A,N/A,N/A,N/A,N/A,N/A,N/A
T1002TS246_4-D2,1.000,22.959,0,0.000,0,0.000,38.967,4krt,1.000,15.162,0,0.000,0,0.000,48.443
T1002TS044_3-D2,1.000,20.490,0,0.000,0,0.000,28.712,N/A,N/A,N/A,N/A,N/A,N/A,N/A,N/A
T1002TS354_3-D2,1.000,20.490,0,0.000,0,0.000,28.712,N/A,N/A,N/A,N/A,N/A,N/A,N/A,N/A
T1002TS071_3-D2,1.000,24.147,0,0.000,0,0.000,44.402,N/A,N/A,N/A,N/A,N/A,N/A,N/A,N/A
T1002TS288_1-D2,1.000,35.427,0,0.000,0,0.000,55.019,N/A,N/A,N/A,N/A,N/A,N/A,N/A,N/A
T1002TS472_5-D2,1.000,40.278,0,0.000,0,0.000,47.253,N/A,N/A,N/A,N/A,N/A,N/A,N/A,N/A
T1002TS241_4-D2,1.000,19.489,0,0.000,0,0.000,29.986,N/A,N/A,N/A,N/A,N/A,N/A,N/A,N/A
T1002TS282_4-D2,1.000,41.574,0,0.000,0,0.000,43.430,N/A,N/A,N/A,N/A,N/A,N/A,N/A,N/A
T1002TS214_1-D2,1.000,44.494,0,0.000,0,0.000,47.628,N/A,N/A,N/A,N/A,N/A,N/A,N/A,N/A
T1002TS288_5-D2,1.000,42.386,0,0.000,0,0.000,41.047,N/A,N/A,N/A,N/A,N/A,N/A,N/A,N/A
T1002TS441_4-D2,1.000,17.837,0,0.000,0,0.000,34.732,N/A,N/A,N/A,N/A,N/A,N/A,N/A,N/A
T1002TS329_5-D2,1.000,51.288,0,0.000,0,0.000,43.192,N/A,N/A,N/A,N/A,N/A,N/A,N/A,N/A
T1002TS152_4-D2,1.000,38.197,0,0.000,1,0.017,45.365,N/A,N/A,N/A,N/A,N/A,N/A,N/A,N/A
T1002TS358_4-D2,1.000,52.217,23,0.390,0,0.000,46.368,N/A,N/A,N/A,N/A,N/A,N/A,N/A,N/A
T1002TS498_5-D2,1.000,16.040,0,0.000,0,0.000,43.584,N/A,N/A,N/A,N/A,N/A,N/A,N/A,N/A
T1002TS044_5-D2,1.000,21.650,0,0.000,0,0.000,30.711,N/A,N/A,N/A,N/A,N/A,N/A,N/A,N/A
T1002TS044_4-D2,1.000,19.758,0,0.000,0,0.000,30.827,N/A,N/A,N/A,N/A,N/A,N/A,N/A,N/A
T1002TS397_1-D2,1.000,51.084,2,0.034,3,0.051,41.835,N/A,N/A,N/A,N/A,N/A,N/A,N/A,N/A
T1002TS197_2-D2,1.000,15.315,0,0.000,0,0.000,45.761,N/A,N/A,N/A,N/A,N/A,N/A,N/A,N/A
T1002TS414_1-D2,1.000,44.827,2,0.034,3,0.051,55.574,N/A,N/A,N/A,N/A,N/A,N/A,N/A,N/A
T1002TS337_2-D2,1.000,52.563,0,0.000,0,0.000,48.742,N/A,N/A,N/A,N/A,N/A,N/A,N/A,N/A
T1002TS358_3-D2,1.000,52.382,23,0.390,0,0.000,48.044,N/A,N/A,N/A,N/A,N/A,N/A,N/A,N/A
T1002TS243_4-D2,1.000,19.199,0,0.000,0,0.000,46.560,N/A,N/A,N/A,N/A,N/A,N/A,N/A,N/A
T1002TS246_5-D2,1.000,20.943,0,0.000,0,0.000,46.890,4krt,1.000,15.162,0,0.000,0,0.000,48.443
T1002TS244_3-D2,1.000,25.601,0,0.000,0,0.000,45.412,N/A,N/A,N/A,N/A,N/A,N/A,N/A,N/A
T1002TS116_3-D2,1.000,24.441,0,0.000,0,0.000,40.831,3npf,0.983,19.053,0,0.000,0,0.000,51.368
T1002TS110_3-D2,1.000,36.625,6,0.102,1,0.017,46.972,N/A,N/A,N/A,N/A,N/A,N/A,N/A,N/A
T1002TS457_4-D2,1.000,21.639,0,0.000,0,0.000,30.768,N/A,N/A,N/A,N/A,N/A,N/A,N/A,N/A
T1002TS085_1-D2,1.000,50.842,21,0.356,0,0.000,49.000,N/A,N/A,N/A,N/A,N/A,N/A,N/A,N/A
T1002TS460_3-D2,1.000,18.722,0,0.000,0,0.000,31.431,N/A,N/A,N/A,N/A,N/A,N/A,N/A,N/A
T1002TS282_5-D2,1.000,34.068,0,0.000,0,0.000,41.380,N/A,N/A,N/A,N/A,N/A,N/A,N/A,N/A
T1002TS157_3-D2,1.000,42.212,1,0.017,1,0.017,36.858,N/A,N/A,N/A,N/A,N/A,N/A,N/A,N/A
T1002TS145_3-D2,1.000,41.401,10,0.169,4,0.068,52.806,N/A,N/A,N/A,N/A,N/A,N/A,N/A,N/A
T1002TS312_4-D2,1.000,55.068,7,0.119,2,0.034,49.746,N/A,N/A,N/A,N/A,N/A,N/A,N/A,N/A
T1002TS488_1-D2,1.000,43.057,0,0.000,3,0.051,42.268,N/A,N/A,N/A,N/A,N/A,N/A,N/A,N/A
T1002TS329_4-D2,1.000,21.009,0,0.000,0,0.000,28.733,N/A,N/A,N/A,N/A,N/A,N/A,N/A,N/A
T1002TS378_2-D2,1.000,38.434,0,0.000,0,0.000,49.790,N/A,N/A,N/A,N/A,N/A,N/A,N/A,N/A
T1002TS397_4-D2,1.000,31.741,4,0.068,1,0.017,41.226,4krt,1.000,15.162,0,0.000,0,0.000,48.443
T1002TS023_2-D2,1.000,19.072,0,0.000,0,0.000,47.441,N/A,N/A,N/A,N/A,N/A,N/A,N/A,N/A
T1002TS457_1-D2,1.000,45.517,0,0.000,0,0.000,43.308,N/A,N/A,N/A,N/A,N/A,N/A,N/A,N/A
T1002TS446_2-D2,1.000,26.612,9,0.153,0,0.000,44.112,N/A,N/A,N/A,N/A,N/A,N/A,N/A,N/A
T1002TS068_3-D2,1.000,18.942,0,0.000,0,0.000,26.847,4krt,1.000,15.162,0,0.000,0,0.000,48.443
T1002TS122_3-D2,1.000,38.056,0,0.000,0,0.000,52.695,N/A,N/A,N/A,N/A,N/A,N/A,N/A,N/A
T1002TS288_4-D2,1.000,38.887,0,0.000,0,0.000,52.459,N/A,N/A,N/A,N/A,N/A,N/A,N/A,N/A
T1002TS007_4-D2,1.000,44.488,0,0.000,0,0.000,48.170,N/A,N/A,N/A,N/A,N/A,N/A,N/A,N/A
T1002TS344_4-D2,1.000,21.650,0,0.000,0,0.000,31.942,N/A,N/A,N/A,N/A,N/A,N/A,N/A,N/A
T1002TS041_1-D2,1.000,37.508,0,0.000,1,0.017,51.648,N/A,N/A,N/A,N/A,N/A,N/A,N/A,N/A
T1002TS116_5-D2,1.000,18.424,1,0.017,0,0.000,32.765,4krt,1.000,15.162,0,0.000,0,0.000,48.443
T1002TS085_5-D2,1.000,40.721,5,0.085,0,0.000,41.507,N/A,N/A,N/A,N/A,N/A,N/A,N/A,N/A
T1002TS446_4-D2,1.000,37.970,25,0.424,1,0.017,35.882,N/A,N/A,N/A,N/A,N/A,N/A,N/A,N/A
T1002TS241_2-D2,1.000,18.926,0,0.000,0,0.000,30.328,N/A,N/A,N/A,N/A,N/A,N/A,N/A,N/A
T1002TS309_2-D2,1.000,31.916,12,0.203,2,0.034,57.040,4krt,1.000,15.162,0,0.000,0,0.000,48.443
T1002TS044_2-D2,1.000,19.489,0,0.000,0,0.000,29.986,N/A,N/A,N/A,N/A,N/A,N/A,N/A,N/A
T1002TS406_2-D2,1.000,19.758,0,0.000,0,0.000,30.827,4krt,1.000,15.162,0,0.000,0,0.000,48.443
T1002TS312_5-D2,1.000,47.995,3,0.051,2,0.034,53.063,N/A,N/A,N/A,N/A,N/A,N/A,N/A,N/A
T1002TS257_3-D2,1.000,40.713,0,0.000,0,0.000,55.133,N/A,N/A,N/A,N/A,N/A,N/A,N/A,N/A
T1002TS344_3-D2,1.000,18.926,0,0.000,0,0.000,29.028,N/A,N/A,N/A,N/A,N/A,N/A,N/A,N/A
T1002TS274_4-D2,1.000,18.943,0,0.000,0,0.000,35.257,N/A,N/A,N/A,N/A,N/A,N/A,N/A,N/A
T1002TS058_2-D2,1.000,18.996,0,0.000,0,0.000,36.401,N/A,N/A,N/A,N/A,N/A,N/A,N/A,N/A
T1002TS365_4-D2,1.000,24.702,3,0.051,0,0.000,48.383,3npf,0.983,19.053,0,0.000,0,0.000,51.368
T1002TS402_2-D2,1.000,28.264,0,0.000,0,0.000,52.322,N/A,N/A,N/A,N/A,N/A,N/A,N/A,N/A
T1002TS266_2-D2,1.000,16.935,0,0.000,0,0.000,40.652,N/A,N/A,N/A,N/A,N/A,N/A,N/A,N/A
T1002TS476_4-D2,1.000,46.872,0,0.000,0,0.000,56.314,N/A,N/A,N/A,N/A,N/A,N/A,N/A,N/A
T1002TS457_5-D2,1.000,30.498,0,0.000,0,0.000,28.886,N/A,N/A,N/A,N/A,N/A,N/A,N/A,N/A
T1002TS192_3-D2,1.000,17.625,0,0.000,1,0.017,33.461,4krt,1.000,15.162,0,0.000,0,0.000,48.443
T1002TS149_3-D2,1.000,34.298,0,0.000,0,0.000,49.962,N/A,N/A,N/A,N/A,N/A,N/A,N/A,N/A
T1002TS043_1-D2,1.000,18.869,0,0.000,0,0.000,26.679,N/A,N/A,N/A,N/A,N/A,N/A,N/A,N/A
T1002TS488_4-D2,1.000,35.518,0,0.000,0,0.000,41.884,N/A,N/A,N/A,N/A,N/A,N/A,N/A,N/A
T1002TS112_1-D2,1.000,23.055,0,0.000,0,0.000,33.605,N/A,N/A,N/A,N/A,N/A,N/A,N/A,N/A
T1002TS068_2-D2,1.000,15.862,0,0.000,0,0.000,24.260,4krt,1.000,15.162,0,0.000,0,0.000,48.443
T1002TS071_5-D2,1.000,25.601,0,0.000,0,0.000,45.412,N/A,N/A,N/A,N/A,N/A,N/A,N/A,N/A
T1002TS004_4-D2,1.000,49.218,0,0.000,0,0.000,45.592,N/A,N/A,N/A,N/A,N/A,N/A,N/A,N/A
T1002TS023_1-D2,1.000,19.165,0,0.000,0,0.000,43.531,N/A,N/A,N/A,N/A,N/A,N/A,N/A,N/A
T1002TS460_5-D2,1.000,18.741,0,0.000,0,0.000,31.414,N/A,N/A,N/A,N/A,N/A,N/A,N/A,N/A
T1002TS390_5-D2,1.000,21.269,0,0.000,0,0.000,31.157,N/A,N/A,N/A,N/A,N/A,N/A,N/A,N/A
T1002TS274_5-D2,1.000,21.914,0,0.000,0,0.000,33.594,N/A,N/A,N/A,N/A,N/A,N/A,N/A,N/A
T1002TS418_1-D2,1.000,22.443,0,0.000,0,0.000,42.689,N/A,N/A,N/A,N/A,N/A,N/A,N/A,N/A
T1002TS004_2-D2,1.000,42.928,0,0.000,0,0.000,37.098,N/A,N/A,N/A,N/A,N/A,N/A,N/A,N/A
T1002TS279_3-D2,1.000,37.302,0,0.000,0,0.000,43.237,N/A,N/A,N/A,N/A,N/A,N/A,N/A,N/A
T1002TS406_1-D2,1.000,18.926,0,0.000,0,0.000,30.328,4krt,1.000,15.162,0,0.000,0,0.000,48.443
T1002TS116_2-D2,1.000,27.658,0,0.000,0,0.000,47.431,3npf,0.983,19.053,0,0.000,0,0.000,51.368
T1002TS365_1-D2,1.000,25.061,4,0.068,0,0.000,49.284,3npf,0.983,19.053,0,0.000,0,0.000,51.368
T1002TS426_4-D2,1.000,23.493,0,0.000,0,0.000,46.589,N/A,N/A,N/A,N/A,N/A,N/A,N/A,N/A
T1002TS222_3-D2,1.000,20.398,0,0.000,0,0.000,28.334,N/A,N/A,N/A,N/A,N/A,N/A,N/A,N/A
T1002TS071_4-D2,1.000,34.246,0,0.000,0,0.000,42.224,N/A,N/A,N/A,N/A,N/A,N/A,N/A,N/A
T1002TS488_3-D2,1.000,41.890,0,0.000,3,0.051,43.069,N/A,N/A,N/A,N/A,N/A,N/A,N/A,N/A
T1002TS348_5-D2,1.000,76.385,8,0.136,20,0.339,49.321,N/A,N/A,N/A,N/A,N/A,N/A,N/A,N/A
T1002TS426_5-D2,1.000,19.951,0,0.000,0,0.000,27.096,N/A,N/A,N/A,N/A,N/A,N/A,N/A,N/A
T1002TS335_5-D2,1.000,53.407,1,0.017,0,0.000,42.518,N/A,N/A,N/A,N/A,N/A,N/A,N/A,N/A
T1002TS085_3-D2,1.000,54.003,7,0.119,0,0.000,46.988,N/A,N/A,N/A,N/A,N/A,N/A,N/A,N/A
T1002TS397_2-D2,1.000,48.951,1,0.017,2,0.034,41.243,N/A,N/A,N/A,N/A,N/A,N/A,N/A,N/A
T1002TS324_2-D2,1.000,15.172,0,0.000,0,0.000,41.834,4krt,1.000,15.162,0,0.000,0,0.000,48.443
T1002TS152_3-D2,1.000,33.256,0,0.000,1,0.017,46.883,N/A,N/A,N/A,N/A,N/A,N/A,N/A,N/A
T1002TS058_1-D2,1.000,22.443,0,0.000,0,0.000,42.689,N/A,N/A,N/A,N/A,N/A,N/A,N/A,N/A
T1002TS257_5-D2,1.000,36.346,0,0.000,0,0.000,55.672,N/A,N/A,N/A,N/A,N/A,N/A,N/A,N/A
T1002TS471_4-D2,1.000,20.633,0,0.000,0,0.000,30.614,N/A,N/A,N/A,N/A,N/A,N/A,N/A,N/A
T1002TS309_1-D2,1.000,41.401,10,0.169,4,0.068,52.806,N/A,N/A,N/A,N/A,N/A,N/A,N/A,N/A
T1002TS358_5-D2,1.000,50.957,18,0.305,0,0.000,42.082,N/A,N/A,N/A,N/A,N/A,N/A,N/A,N/A
T1002TS335_2-D2,1.000,50.295,1,0.017,1,0.017,45.188,N/A,N/A,N/A,N/A,N/A,N/A,N/A,N/A
T1002TS221_1-D2,1.000,17.625,0,0.000,1,0.017,33.461,4krt,1.000,15.162,0,0.000,0,0.000,48.443
T1002TS348_2-D2,1.000,69.230,5,0.085,17,0.288,37.825,N/A,N/A,N/A,N/A,N/A,N/A,N/A,N/A
T1002TS354_4-D2,1.000,21.650,0,0.000,0,0.000,30.711,N/A,N/A,N/A,N/A,N/A,N/A,N/A,N/A
T1002TS041_4-D2,1.000,41.987,0,0.000,0,0.000,44.529,N/A,N/A,N/A,N/A,N/A,N/A,N/A,N/A
T1002TS354_2-D2,1.000,19.489,0,0.000,0,0.000,29.986,N/A,N/A,N/A,N/A,N/A,N/A,N/A,N/A
T1002TS476_2-D2,1.000,47.605,0,0.000,0,0.000,45.835,N/A,N/A,N/A,N/A,N/A,N/A,N/A,N/A
T1002TS446_1-D2,1.000,18.926,0,0.000,0,0.000,30.328,4krt,1.000,15.162,0,0.000,0,0.000,48.443
T1002TS222_4-D2,1.000,21.113,0,0.000,0,0.000,28.728,N/A,N/A,N/A,N/A,N/A,N/A,N/A,N/A
T1002TS058_3-D2,1.000,18.580,0,0.000,0,0.000,44.735,N/A,N/A,N/A,N/A,N/A,N/A,N/A,N/A
T1002TS368_3-D2,1.000,45.310,0,0.000,0,0.000,44.936,N/A,N/A,N/A,N/A,N/A,N/A,N/A,N/A
T1002TS157_1-D2,1.000,42.212,1,0.017,1,0.017,36.883,N/A,N/A,N/A,N/A,N/A,N/A,N/A,N/A
T1002TS344_5-D2,1.000,20.490,0,0.000,0,0.000,30.272,N/A,N/A,N/A,N/A,N/A,N/A,N/A,N/A
T1002TS322_1-D2,1.000,24.506,1,0.017,0,0.000,46.231,4krt,1.000,15.162,0,0.000,0,0.000,48.443
T1002TS378_3-D2,1.000,40.719,0,0.000,0,0.000,51.939,N/A,N/A,N/A,N/A,N/A,N/A,N/A,N/A
T1002TS426_3-D2,1.000,17.625,0,0.000,1,0.017,33.461,N/A,N/A,N/A,N/A,N/A,N/A,N/A,N/A
T1002TS358_1-D2,1.000,52.085,22,0.373,0,0.000,43.702,N/A,N/A,N/A,N/A,N/A,N/A,N/A,N/A
T1002TS004_5-D2,1.000,45.152,0,0.000,0,0.000,47.364,N/A,N/A,N/A,N/A,N/A,N/A,N/A,N/A
T1002TS274_2-D2,1.000,17.645,0,0.000,0,0.000,35.677,N/A,N/A,N/A,N/A,N/A,N/A,N/A,N/A
T1002TS156_2-D2,1.000,19.758,0,0.000,0,0.000,30.827,4krt,1.000,15.162,0,0.000,0,0.000,48.443
T1002TS068_1-D2,1.000,19.618,1,0.017,0,0.000,28.379,4krt,1.000,15.162,0,0.000,0,0.000,48.443
T1002TS116_4-D2,1.000,17.979,0,0.000,0,0.000,30.570,4krt,1.000,15.162,0,0.000,0,0.000,48.443
T1002TS007_1-D2,1.000,45.220,0,0.000,0,0.000,49.177,N/A,N/A,N/A,N/A,N/A,N/A,N/A,N/A
T1002TS497_3-D2,1.000,36.738,0,0.000,0,0.000,53.041,N/A,N/A,N/A,N/A,N/A,N/A,N/A,N/A
T1002TS257_1-D2,1.000,40.643,0,0.000,0,0.000,45.505,N/A,N/A,N/A,N/A,N/A,N/A,N/A,N/A
T1002TS351_2-D2,1.000,38.728,0,0.000,1,0.017,49.580,N/A,N/A,N/A,N/A,N/A,N/A,N/A,N/A
T1002TS112_2-D2,1.000,27.374,0,0.000,0,0.000,39.685,N/A,N/A,N/A,N/A,N/A,N/A,N/A,N/A
T1002TS347_2-D2,1.000,40.779,0,0.000,0,0.000,48.703,N/A,N/A,N/A,N/A,N/A,N/A,N/A,N/A
T1002TS224_1-D2,1.000,38.355,5,0.085,1,0.017,49.156,N/A,N/A,N/A,N/A,N/A,N/A,N/A,N/A
T1002TS261_3-D2,1.000,21.791,4,0.068,0,0.000,47.518,4krt,1.000,15.162,0,0.000,0,0.000,48.443
T1002TS337_5-D2,1.000,35.483,0,0.000,0,0.000,44.394,N/A,N/A,N/A,N/A,N/A,N/A,N/A,N/A
T1002TS390_3-D2,1.000,15.256,0,0.000,1,0.017,27.999,N/A,N/A,N/A,N/A,N/A,N/A,N/A,N/A
T1002TS160_2-D2,1.000,48.816,11,0.186,0,0.000,47.445,N/A,N/A,N/A,N/A,N/A,N/A,N/A,N/A
T1002TS197_4-D2,1.000,17.363,1,0.017,0,0.000,33.600,N/A,N/A,N/A,N/A,N/A,N/A,N/A,N/A
T1002TS222_1-D2,1.000,20.698,0,0.000,0,0.000,25.369,N/A,N/A,N/A,N/A,N/A,N/A,N/A,N/A
T1002TS112_4-D2,1.000,28.339,0,0.000,0,0.000,37.390,N/A,N/A,N/A,N/A,N/A,N/A,N/A,N/A
T1002TS446_3-D2,1.000,17.625,0,0.000,1,0.017,33.461,4krt,1.000,15.162,0,0.000,0,0.000,48.443
T1002TS492_1-D2,1.000,37.054,0,0.000,0,0.000,56.153,N/A,N/A,N/A,N/A,N/A,N/A,N/A,N/A
T1002TS110_1-D2,1.000,41.091,6,0.102,1,0.017,46.964,N/A,N/A,N/A,N/A,N/A,N/A,N/A,N/A
T1002TS156_3-D2,1.000,21.650,0,0.000,0,0.000,30.711,4krt,1.000,15.162,0,0.000,0,0.000,48.443
T1002TS472_2-D2,1.000,39.143,0,0.000,0,0.000,51.636,N/A,N/A,N/A,N/A,N/A,N/A,N/A,N/A
T1002TS457_3-D2,1.000,27.041,0,0.000,0,0.000,38.841,N/A,N/A,N/A,N/A,N/A,N/A,N/A,N/A
T1002TS322_4-D2,1.000,29.194,6,0.102,1,0.017,52.462,4krt,1.000,15.162,0,0.000,0,0.000,48.443
T1002TS498_4-D2,1.000,17.354,0,0.000,0,0.000,39.177,N/A,N/A,N/A,N/A,N/A,N/A,N/A,N/A
T1002TS498_2-D2,1.000,15.319,0,0.000,0,0.000,45.760,N/A,N/A,N/A,N/A,N/A,N/A,N/A,N/A
T1002TS312_2-D2,1.000,51.247,6,0.102,0,0.000,52.511,N/A,N/A,N/A,N/A,N/A,N/A,N/A,N/A
T1002TS244_2-D2,1.000,35.518,0,0.000,0,0.000,41.884,N/A,N/A,N/A,N/A,N/A,N/A,N/A,N/A
T1002TS351_1-D2,1.000,38.728,0,0.000,1,0.017,49.580,N/A,N/A,N/A,N/A,N/A,N/A,N/A,N/A
T1002TS344_2-D2,1.000,19.489,0,0.000,0,0.000,29.331,N/A,N/A,N/A,N/A,N/A,N/A,N/A,N/A
T1002TS281_2-D2,0.932,15.981,0,0.000,0,0.000,33.588,N/A,N/A,N/A,N/A,N/A,N/A,N/A,N/A
T1002TS441_3-D2,1.000,23.426,0,0.000,0,0.000,44.543,N/A,N/A,N/A,N/A,N/A,N/A,N/A,N/A
T1002TS086_1-D2,1.000,47.774,0,0.000,2,0.034,45.163,N/A,N/A,N/A,N/A,N/A,N/A,N/A,N/A
T1002TS224_3-D2,1.000,37.186,9,0.153,1,0.017,50.053,N/A,N/A,N/A,N/A,N/A,N/A,N/A,N/A
T1002TS347_4-D2,1.000,34.019,0,0.000,0,0.000,51.956,N/A,N/A,N/A,N/A,N/A,N/A,N/A,N/A
T1002TS347_3-D2,1.000,35.314,0,0.000,0,0.000,42.676,N/A,N/A,N/A,N/A,N/A,N/A,N/A,N/A
T1002TS041_2-D2,1.000,44.580,0,0.000,0,0.000,52.302,N/A,N/A,N/A,N/A,N/A,N/A,N/A,N/A
T1002TS152_1-D2,1.000,37.077,0,0.000,1,0.017,51.585,N/A,N/A,N/A,N/A,N/A,N/A,N/A,N/A
T1002TS261_2-D2,1.000,31.916,12,0.203,2,0.034,57.040,4krt,1.000,15.162,0,0.000,0,0.000,48.443
T1002TS402_4-D2,1.000,28.331,0,0.000,0,0.000,46.546,N/A,N/A,N/A,N/A,N/A,N/A,N/A,N/A
T1002TS266_4-D2,1.000,20.727,0,0.000,0,0.000,40.533,N/A,N/A,N/A,N/A,N/A,N/A,N/A,N/A
T1002TS124_5-D2,1.000,24.513,0,0.000,0,0.000,44.554,N/A,N/A,N/A,N/A,N/A,N/A,N/A,N/A
T1002TS476_5-D2,1.000,44.106,0,0.000,0,0.000,52.625,N/A,N/A,N/A,N/A,N/A,N/A,N/A,N/A
T1002TS347_1-D2,1.000,30.448,0,0.000,0,0.000,46.822,N/A,N/A,N/A,N/A,N/A,N/A,N/A,N/A
T1002TS322_5-D2,1.000,26.838,5,0.085,0,0.000,46.995,4krt,1.000,15.162,0,0.000,0,0.000,48.443
T1002TS160_3-D2,1.000,52.352,14,0.237,0,0.000,48.768,N/A,N/A,N/A,N/A,N/A,N/A,N/A,N/A
T1002TS007_5-D2,1.000,33.284,0,0.000,0,0.000,49.159,N/A,N/A,N/A,N/A,N/A,N/A,N/A,N/A
T1002TS058_4-D2,1.000,20.189,0,0.000,0,0.000,40.133,N/A,N/A,N/A,N/A,N/A,N/A,N/A,N/A
T1002TS390_2-D2,1.000,24.222,0,0.000,0,0.000,37.874,N/A,N/A,N/A,N/A,N/A,N/A,N/A,N/A
T1002TS335_3-D2,1.000,52.221,1,0.017,0,0.000,41.308,N/A,N/A,N/A,N/A,N/A,N/A,N/A,N/A
T1002TS214_4-D2,1.000,45.553,1,0.017,0,0.000,32.149,N/A,N/A,N/A,N/A,N/A,N/A,N/A,N/A
T1002TS312_1-D2,1.000,51.790,14,0.237,3,0.051,47.952,N/A,N/A,N/A,N/A,N/A,N/A,N/A,N/A
T1002TS041_5-D2,1.000,42.438,0,0.000,1,0.017,48.369,N/A,N/A,N/A,N/A,N/A,N/A,N/A,N/A
T1002TS089_3-D2,1.000,25.227,0,0.000,0,0.000,36.061,N/A,N/A,N/A,N/A,N/A,N/A,N/A,N/A
T1002TS160_5-D2,1.000,47.990,14,0.237,0,0.000,51.149,N/A,N/A,N/A,N/A,N/A,N/A,N/A,N/A
T1002TS261_4-D2,1.000,42.416,16,0.271,3,0.051,55.535,4krt,1.000,15.162,0,0.000,0,0.000,48.443
T1002TS145_2-D2,1.000,31.751,16,0.271,2,0.034,46.840,N/A,N/A,N/A,N/A,N/A,N/A,N/A,N/A
T1002TS407_1-D2,1.000,26.132,0,0.000,0,0.000,45.062,N/A,N/A,N/A,N/A,N/A,N/A,N/A,N/A
T1002TS402_5-D2,1.000,26.897,0,0.000,0,0.000,43.366,N/A,N/A,N/A,N/A,N/A,N/A,N/A,N/A
T1002TS086_4-D2,1.000,52.851,0,0.000,0,0.000,44.453,N/A,N/A,N/A,N/A,N/A,N/A,N/A,N/A
T1002TS498_3-D2,1.000,17.064,0,0.000,0,0.000,44.118,N/A,N/A,N/A,N/A,N/A,N/A,N/A,N/A
T1002TS351_3-D2,1.000,38.728,0,0.000,1,0.017,49.580,N/A,N/A,N/A,N/A,N/A,N/A,N/A,N/A
T1002TS279_5-D2,1.000,32.847,0,0.000,0,0.000,48.668,N/A,N/A,N/A,N/A,N/A,N/A,N/A,N/A
T1002TS381_3-D2,1.000,39.768,0,0.000,0,0.000,48.989,N/A,N/A,N/A,N/A,N/A,N/A,N/A,N/A
T1002TS214_5-D2,1.000,48.955,0,0.000,0,0.000,38.601,N/A,N/A,N/A,N/A,N/A,N/A,N/A,N/A
T1002TS246_1-D2,1.000,22.959,0,0.000,0,0.000,38.967,4krt,1.000,15.162,0,0.000,0,0.000,48.443
T1002TS288_2-D2,1.000,39.511,0,0.000,0,0.000,46.116,N/A,N/A,N/A,N/A,N/A,N/A,N/A,N/A
T1002TS407_3-D2,1.000,25.601,0,0.000,0,0.000,45.412,N/A,N/A,N/A,N/A,N/A,N/A,N/A,N/A
T1002TS354_5-D2,1.000,15.172,0,0.000,0,0.000,41.834,N/A,N/A,N/A,N/A,N/A,N/A,N/A,N/A
T1002TS023_4-D2,1.000,22.516,0,0.000,0,0.000,47.669,N/A,N/A,N/A,N/A,N/A,N/A,N/A,N/A
T1002TS472_3-D2,1.000,36.834,1,0.017,0,0.000,45.656,N/A,N/A,N/A,N/A,N/A,N/A,N/A,N/A
T1002TS407_4-D2,1.000,26.169,0,0.000,0,0.000,43.936,N/A,N/A,N/A,N/A,N/A,N/A,N/A,N/A
T1002TS402_1-D2,1.000,32.627,0,0.000,0,0.000,43.484,N/A,N/A,N/A,N/A,N/A,N/A,N/A,N/A
T1002TS243_1-D2,1.000,21.188,0,0.000,0,0.000,50.156,N/A,N/A,N/A,N/A,N/A,N/A,N/A,N/A
T1002TS043_2-D2,1.000,19.452,0,0.000,0,0.000,32.844,N/A,N/A,N/A,N/A,N/A,N/A,N/A,N/A
T1002TS365_3-D2,1.000,26.818,1,0.017,0,0.000,49.999,3npf,0.983,19.053,0,0.000,0,0.000,51.368
T1002TS377_4-D2,1.000,43.203,0,0.000,0,0.000,48.865,N/A,N/A,N/A,N/A,N/A,N/A,N/A,N/A
T1002TS089_4-D2,1.000,21.333,0,0.000,0,0.000,24.156,N/A,N/A,N/A,N/A,N/A,N/A,N/A,N/A
T1002TS406_3-D2,1.000,22.443,0,0.000,0,0.000,42.689,N/A,N/A,N/A,N/A,N/A,N/A,N/A,N/A
T1002TS497_5-D2,1.000,40.045,0,0.000,1,0.017,53.106,N/A,N/A,N/A,N/A,N/A,N/A,N/A,N/A
T1002TS149_2-D2,1.000,34.568,0,0.000,0,0.000,51.168,N/A,N/A,N/A,N/A,N/A,N/A,N/A,N/A
T1002TS309_3-D2,1.000,18.926,0,0.000,0,0.000,30.328,4krt,1.000,15.162,0,0.000,0,0.000,48.443
T1002TS471_1-D2,1.000,19.764,0,0.000,0,0.000,36.628,N/A,N/A,N/A,N/A,N/A,N/A,N/A,N/A
T1002TS402_3-D2,1.000,25.538,0,0.000,0,0.000,44.335,N/A,N/A,N/A,N/A,N/A,N/A,N/A,N/A
T1002TS043_4-D2,1.000,13.881,0,0.000,0,0.000,26.179,N/A,N/A,N/A,N/A,N/A,N/A,N/A,N/A
T1002TS047_5-D2,1.000,36.671,0,0.000,0,0.000,55.115,N/A,N/A,N/A,N/A,N/A,N/A,N/A,N/A
T1002TS365_2-D2,1.000,25.858,0,0.000,0,0.000,47.478,3npf,0.983,19.053,0,0.000,0,0.000,51.368
T1002TS324_5-D2,1.000,17.625,0,0.000,1,0.017,33.461,4krt,1.000,15.162,0,0.000,0,0.000,48.443
T1002TS347_5-D2,1.000,33.159,0,0.000,0,0.000,43.686,N/A,N/A,N/A,N/A,N/A,N/A,N/A,N/A
T1002TS135_1-D2,1.000,19.489,0,0.000,0,0.000,29.986,4krt,1.000,15.162,0,0.000,0,0.000,48.443
T1002TS122_1-D2,1.000,36.985,0,0.000,0,0.000,47.611,N/A,N/A,N/A,N/A,N/A,N/A,N/A,N/A
T1002TS381_2-D2,1.000,39.768,0,0.000,0,0.000,48.989,N/A,N/A,N/A,N/A,N/A,N/A,N/A,N/A
T1002TS274_1-D2,1.000,21.024,0,0.000,0,0.000,27.515,N/A,N/A,N/A,N/A,N/A,N/A,N/A,N/A
T1002TS149_5-D2,1.000,40.897,0,0.000,0,0.000,52.584,N/A,N/A,N/A,N/A,N/A,N/A,N/A,N/A
T1002TS208_3-D2,1.000,42.031,0,0.000,0,0.000,47.467,N/A,N/A,N/A,N/A,N/A,N/A,N/A,N/A
T1002TS378_4-D2,1.000,45.890,0,0.000,0,0.000,47.121,N/A,N/A,N/A,N/A,N/A,N/A,N/A,N/A
T1002TS145_4-D2,1.000,25.926,4,0.068,0,0.000,45.043,N/A,N/A,N/A,N/A,N/A,N/A,N/A,N/A
T1002TS068_5-D2,1.000,18.357,0,0.000,0,0.000,27.782,4krt,1.000,15.162,0,0.000,0,0.000,48.443
T1002TS377_2-D2,1.000,45.507,0,0.000,0,0.000,42.692,N/A,N/A,N/A,N/A,N/A,N/A,N/A,N/A
T1002TS354_1-D2,1.000,19.758,0,0.000,0,0.000,30.827,N/A,N/A,N/A,N/A,N/A,N/A,N/A,N/A
T1002TS157_2-D2,1.000,42.213,1,0.017,1,0.017,37.208,N/A,N/A,N/A,N/A,N/A,N/A,N/A,N/A
T1002TS196_5-D2,1.000,32.960,24,0.407,1,0.017,32.309,N/A,N/A,N/A,N/A,N/A,N/A,N/A,N/A
T1002TS471_2-D2,1.000,19.850,0,0.000,0,0.000,35.897,N/A,N/A,N/A,N/A,N/A,N/A,N/A,N/A
T1002TS196_3-D2,1.000,32.918,26,0.441,1,0.017,32.369,N/A,N/A,N/A,N/A,N/A,N/A,N/A,N/A
T1002TS071_2-D2,1.000,35.518,0,0.000,0,0.000,41.884,N/A,N/A,N/A,N/A,N/A,N/A,N/A,N/A
T1002TS312_3-D2,1.000,41.877,7,0.119,0,0.000,39.298,N/A,N/A,N/A,N/A,N/A,N/A,N/A,N/A
T1002TS418_3-D2,1.000,34.246,0,0.000,0,0.000,42.224,N/A,N/A,N/A,N/A,N/A,N/A,N/A,N/A
T1002TS246_2-D2,1.000,22.959,0,0.000,0,0.000,38.967,4krt,1.000,15.162,0,0.000,0,0.000,48.443
T1002TS085_4-D2,1.000,52.777,13,0.220,0,0.000,46.581,N/A,N/A,N/A,N/A,N/A,N/A,N/A,N/A
T1002TS441_1-D2,1.000,21.923,0,0.000,0,0.000,43.841,N/A,N/A,N/A,N/A,N/A,N/A,N/A,N/A
T1002TS214_2-D2,1.000,37.082,0,0.000,1,0.017,26.764,N/A,N/A,N/A,N/A,N/A,N/A,N/A,N/A
T1002TS266_5-D2,1.000,17.242,0,0.000,0,0.000,42.404,N/A,N/A,N/A,N/A,N/A,N/A,N/A,N/A
T1002TS043_5-D2,1.000,13.975,0,0.000,0,0.000,23.937,N/A,N/A,N/A,N/A,N/A,N/A,N/A,N/A
T1002TS241_3-D2,1.000,20.490,0,0.000,0,0.000,28.712,N/A,N/A,N/A,N/A,N/A,N/A,N/A,N/A
T1002TS110_5-D2,1.000,36.390,5,0.085,1,0.017,45.225,N/A,N/A,N/A,N/A,N/A,N/A,N/A,N/A
T1002TS055_1-D2,1.000,19.758,0,0.000,0,0.000,30.827,N/A,N/A,N/A,N/A,N/A,N/A,N/A,N/A
T1002TS055_2-D2,1.000,20.490,0,0.000,0,0.000,28.712,N/A,N/A,N/A,N/A,N/A,N/A,N/A,N/A
T1002TS257_2-D2,1.000,37.243,0,0.000,1,0.017,49.476,N/A,N/A,N/A,N/A,N/A,N/A,N/A,N/A
T1002TS329_2-D2,1.000,19.548,0,0.000,0,0.000,27.858,N/A,N/A,N/A,N/A,N/A,N/A,N/A,N/A
T1002TS164_5-D2,1.000,46.295,17,0.288,0,0.000,45.491,N/A,N/A,N/A,N/A,N/A,N/A,N/A,N/A
T1002TS157_4-D2,1.000,42.212,1,0.017,1,0.017,37.212,N/A,N/A,N/A,N/A,N/A,N/A,N/A,N/A
T1002TS407_5-D2,1.000,19.266,0,0.000,0,0.000,40.213,N/A,N/A,N/A,N/A,N/A,N/A,N/A,N/A
T1002TS058_5-D2,1.000,19.202,0,0.000,0,0.000,37.621,N/A,N/A,N/A,N/A,N/A,N/A,N/A,N/A
T1002TS368_1-D2,1.000,47.774,0,0.000,2,0.034,45.163,N/A,N/A,N/A,N/A,N/A,N/A,N/A,N/A
T1002TS497_1-D2,1.000,34.999,0,0.000,0,0.000,45.758,N/A,N/A,N/A,N/A,N/A,N/A,N/A,N/A
T1002TS149_1-D2,1.000,42.311,0,0.000,1,0.017,51.826,N/A,N/A,N/A,N/A,N/A,N/A,N/A,N/A
T1002TS152_2-D2,1.000,36.712,0,0.000,0,0.000,42.492,N/A,N/A,N/A,N/A,N/A,N/A,N/A,N/A
T1002TS407_2-D2,1.000,24.147,0,0.000,0,0.000,44.402,N/A,N/A,N/A,N/A,N/A,N/A,N/A,N/A
T1002TS348_1-D2,1.000,74.613,2,0.034,19,0.322,43.565,N/A,N/A,N/A,N/A,N/A,N/A,N/A,N/A
T1002TS241_5-D2,1.000,21.650,0,0.000,0,0.000,30.711,N/A,N/A,N/A,N/A,N/A,N/A,N/A,N/A
T1002TS460_4-D2,1.000,18.733,0,0.000,0,0.000,31.381,N/A,N/A,N/A,N/A,N/A,N/A,N/A,N/A
T1002TS135_2-D2,1.000,21.650,0,0.000,0,0.000,30.711,4krt,1.000,15.162,0,0.000,0,0.000,48.443
T1002TS047_1-D2,1.000,20.106,0,0.000,0,0.000,36.518,4krt,1.000,15.162,0,0.000,0,0.000,48.443
T1002TS418_4-D2,1.000,24.147,0,0.000,0,0.000,44.402,N/A,N/A,N/A,N/A,N/A,N/A,N/A,N/A
T1002TS224_2-D2,1.000,50.383,12,0.203,3,0.051,48.493,N/A,N/A,N/A,N/A,N/A,N/A,N/A,N/A
T1002TS390_4-D2,1.000,15.437,0,0.000,1,0.017,28.469,N/A,N/A,N/A,N/A,N/A,N/A,N/A,N/A
T1002TS309_4-D2,1.000,34.019,0,0.000,0,0.000,51.956,N/A,N/A,N/A,N/A,N/A,N/A,N/A,N/A
T1002TS377_3-D2,1.000,47.691,1,0.017,0,0.000,49.664,N/A,N/A,N/A,N/A,N/A,N/A,N/A,N/A
T1002TS282_2-D2,1.000,35.483,0,0.000,0,0.000,45.687,N/A,N/A,N/A,N/A,N/A,N/A,N/A,N/A
T1002TS418_2-D2,1.000,35.518,0,0.000,0,0.000,41.884,N/A,N/A,N/A,N/A,N/A,N/A,N/A,N/A
T1002TS164_2-D2,1.000,37.035,24,0.407,0,0.000,35.881,N/A,N/A,N/A,N/A,N/A,N/A,N/A,N/A
T1002TS044_1-D2,1.000,18.926,0,0.000,0,0.000,30.328,N/A,N/A,N/A,N/A,N/A,N/A,N/A,N/A
T1002TS196_1-D2,1.000,31.866,26,0.441,1,0.017,31.097,N/A,N/A,N/A,N/A,N/A,N/A,N/A,N/A
T1002TS476_3-D2,1.000,35.121,0,0.000,0,0.000,52.049,N/A,N/A,N/A,N/A,N/A,N/A,N/A,N/A
T1002TS192_2-D2,1.000,26.612,9,0.153,0,0.000,44.112,N/A,N/A,N/A,N/A,N/A,N/A,N/A,N/A
T1002TS488_2-D2,1.000,41.358,0,0.000,3,0.051,41.746,N/A,N/A,N/A,N/A,N/A,N/A,N/A,N/A
T1002TS160_1-D2,1.000,37.970,25,0.424,1,0.017,35.882,N/A,N/A,N/A,N/A,N/A,N/A,N/A,N/A
T1002TS498_1-D2,1.000,15.809,0,0.000,0,0.000,42.702,N/A,N/A,N/A,N/A,N/A,N/A,N/A,N/A
T1002TS309_5-D2,1.000,19.758,0,0.000,0,0.000,30.827,4krt,1.000,15.162,0,0.000,0,0.000,48.443
T1002TS047_4-D2,1.000,38.856,0,0.000,0,0.000,52.445,N/A,N/A,N/A,N/A,N/A,N/A,N/A,N/A
T1002TS208_2-D2,1.000,48.672,0,0.000,0,0.000,42.110,N/A,N/A,N/A,N/A,N/A,N/A,N/A,N/A
T1002TS047_3-D2,1.000,40.189,0,0.000,0,0.000,51.680,N/A,N/A,N/A,N/A,N/A,N/A,N/A,N/A
T1002TS266_1-D2,1.000,26.511,0,0.000,0,0.000,47.795,N/A,N/A,N/A,N/A,N/A,N/A,N/A,N/A
T1002TS244_1-D2,1.000,22.443,0,0.000,0,0.000,42.689,N/A,N/A,N/A,N/A,N/A,N/A,N/A,N/A
T1002TS497_4-D2,1.000,34.787,0,0.000,1,0.017,50.542,N/A,N/A,N/A,N/A,N/A,N/A,N/A,N/A
T1002TS086_5-D2,1.000,50.126,0,0.000,1,0.017,41.755,N/A,N/A,N/A,N/A,N/A,N/A,N/A,N/A
T1002TS110_2-D2,1.000,44.762,6,0.102,1,0.017,43.620,N/A,N/A,N/A,N/A,N/A,N/A,N/A,N/A
T1002TS274_3-D2,1.000,18.942,0,0.000,0,0.000,40.918,N/A,N/A,N/A,N/A,N/A,N/A,N/A,N/A
T1002TS441_2-D2,1.000,17.530,0,0.000,0,0.000,47.956,N/A,N/A,N/A,N/A,N/A,N/A,N/A,N/A
T1002TS418_5-D2,1.000,25.601,0,0.000,0,0.000,45.412,N/A,N/A,N/A,N/A,N/A,N/A,N/A,N/A
T1002TS152_5-D2,1.000,36.997,0,0.000,1,0.017,54.895,N/A,N/A,N/A,N/A,N/A,N/A,N/A,N/A
T1002TS208_4-D2,1.000,43.989,0,0.000,0,0.000,45.405,N/A,N/A,N/A,N/A,N/A,N/A,N/A,N/A
T1002TS441_5-D2,1.000,42.100,0,0.000,0,0.000,45.538,N/A,N/A,N/A,N/A,N/A,N/A,N/A,N/A
T1002TS149_4-D2,1.000,41.727,0,0.000,1,0.017,44.815,N/A,N/A,N/A,N/A,N/A,N/A,N/A,N/A
T1002TS472_4-D2,1.000,39.181,0,0.000,0,0.000,52.363,N/A,N/A,N/A,N/A,N/A,N/A,N/A,N/A
T1002TS471_5-D2,1.000,18.204,0,0.000,0,0.000,26.829,N/A,N/A,N/A,N/A,N/A,N/A,N/A,N/A
T1002TS004_1-D2,1.000,43.922,0,0.000,0,0.000,40.280,N/A,N/A,N/A,N/A,N/A,N/A,N/A,N/A
T1002TS426_1-D2,1.000,18.195,3,0.051,0,0.000,34.290,N/A,N/A,N/A,N/A,N/A,N/A,N/A,N/A
T1002TS196_2-D2,1.000,31.852,24,0.407,1,0.017,31.401,N/A,N/A,N/A,N/A,N/A,N/A,N/A,N/A
T1002TS112_3-D2,1.000,28.037,0,0.000,0,0.000,41.793,N/A,N/A,N/A,N/A,N/A,N/A,N/A,N/A
T1002TS492_4-D2,1.000,38.206,0,0.000,0,0.000,55.311,N/A,N/A,N/A,N/A,N/A,N/A,N/A,N/A
T1002TS244_5-D2,1.000,26.169,0,0.000,0,0.000,43.936,N/A,N/A,N/A,N/A,N/A,N/A,N/A,N/A
T1002TS288_3-D2,1.000,35.560,0,0.000,0,0.000,47.262,N/A,N/A,N/A,N/A,N/A,N/A,N/A,N/A
T1002TS324_1-D2,1.000,14.713,0,0.000,0,0.000,40.355,4krt,1.000,15.162,0,0.000,0,0.000,48.443
T1002TS135_4-D2,1.000,20.490,0,0.000,0,0.000,28.712,4krt,1.000,15.162,0,0.000,0,0.000,48.443
T1002TS156_5-D2,1.000,18.926,0,0.000,0,0.000,30.328,4krt,1.000,15.162,0,0.000,0,0.000,48.443
T1002TS471_3-D2,1.000,22.999,1,0.017,1,0.017,34.906,N/A,N/A,N/A,N/A,N/A,N/A,N/A,N/A
T1002TS492_2-D2,1.000,42.583,0,0.000,0,0.000,53.392,N/A,N/A,N/A,N/A,N/A,N/A,N/A,N/A
T1002TS085_2-D2,1.000,52.920,10,0.169,0,0.000,45.113,N/A,N/A,N/A,N/A,N/A,N/A,N/A,N/A
T1002TS324_3-D2,1.000,14.564,0,0.000,0,0.000,42.811,4krt,1.000,15.162,0,0.000,0,0.000,48.443
T1002TS344_1-D2,1.000,19.758,0,0.000,0,0.000,28.870,N/A,N/A,N/A,N/A,N/A,N/A,N/A,N/A
T1002TS476_1-D2,1.000,50.664,0,0.000,0,0.000,52.934,N/A,N/A,N/A,N/A,N/A,N/A,N/A,N/A
T1002TS329_1-D2,1.000,17.543,0,0.000,0,0.000,36.401,N/A,N/A,N/A,N/A,N/A,N/A,N/A,N/A
T1002TS156_1-D2,1.000,19.489,0,0.000,0,0.000,29.986,4krt,1.000,15.162,0,0.000,0,0.000,48.443
T1002TS157_5-D2,1.000,42.212,1,0.017,1,0.017,36.946,N/A,N/A,N/A,N/A,N/A,N/A,N/A,N/A
T1002TS164_4-D2,1.000,49.430,15,0.254,0,0.000,42.593,N/A,N/A,N/A,N/A,N/A,N/A,N/A,N/A
T1002TS089_2-D2,1.000,18.366,0,0.000,0,0.000,40.953,N/A,N/A,N/A,N/A,N/A,N/A,N/A,N/A
T1002TS351_5-D2,1.000,38.728,0,0.000,1,0.017,49.580,N/A,N/A,N/A,N/A,N/A,N/A,N/A,N/A
T1002TS337_3-D2,1.000,18.213,0,0.000,0,0.000,46.345,N/A,N/A,N/A,N/A,N/A,N/A,N/A,N/A
T1002TS023_5-D2,1.000,20.214,0,0.000,0,0.000,42.018,N/A,N/A,N/A,N/A,N/A,N/A,N/A,N/A
T1002TS329_3-D2,1.000,19.274,0,0.000,0,0.000,34.551,N/A,N/A,N/A,N/A,N/A,N/A,N/A,N/A
T1002TS377_1-D2,1.000,48.164,0,0.000,0,0.000,41.848,N/A,N/A,N/A,N/A,N/A,N/A,N/A,N/A
T1002TS135_5-D2,1.000,18.926,0,0.000,0,0.000,30.328,4krt,1.000,15.162,0,0.000,0,0.000,48.443
T1002TS492_5-D2,1.000,38.878,0,0.000,0,0.000,45.943,N/A,N/A,N/A,N/A,N/A,N/A,N/A,N/A
T1002TS197_3-D2,1.000,22.159,0,0.000,0,0.000,31.614,N/A,N/A,N/A,N/A,N/A,N/A,N/A,N/A
T1002TS145_1-D2,1.000,29.557,8,0.136,0,0.000,51.425,N/A,N/A,N/A,N/A,N/A,N/A,N/A,N/A
T1002TS071_1-D2,1.000,22.443,0,0.000,0,0.000,42.689,N/A,N/A,N/A,N/A,N/A,N/A,N/A,N/A
T1002TS124_1-D2,1.000,26.466,0,0.000,0,0.000,50.602,N/A,N/A,N/A,N/A,N/A,N/A,N/A,N/A
T1002TS086_3-D2,1.000,45.310,0,0.000,0,0.000,44.936,N/A,N/A,N/A,N/A,N/A,N/A,N/A,N/A
T1002TS282_3-D2,1.000,37.458,0,0.000,0,0.000,48.629,N/A,N/A,N/A,N/A,N/A,N/A,N/A,N/A
T1002TS279_4-D2,1.000,37.213,0,0.000,0,0.000,46.222,N/A,N/A,N/A,N/A,N/A,N/A,N/A,N/A
T1002TS222_5-D2,1.000,20.529,0,0.000,0,0.000,28.106,N/A,N/A,N/A,N/A,N/A,N/A,N/A,N/A
T1002TS488_5-D2,1.000,34.246,0,0.000,0,0.000,42.224,N/A,N/A,N/A,N/A,N/A,N/A,N/A,N/A
T1002TS390_1-D2,1.000,15.500,0,0.000,1,0.017,28.422,N/A,N/A,N/A,N/A,N/A,N/A,N/A,N/A
T1002TS322_2-D2,1.000,25.420,5,0.085,0,0.000,49.156,4krt,1.000,15.162,0,0.000,0,0.000,48.443
T1002TS243_2-D2,1.000,18.290,0,0.000,0,0.000,41.063,N/A,N/A,N/A,N/A,N/A,N/A,N/A,N/A
T1002TS279_2-D2,1.000,37.040,0,0.000,0,0.000,51.010,N/A,N/A,N/A,N/A,N/A,N/A,N/A,N/A
T1002TS224_4-D2,1.000,21.822,2,0.034,0,0.000,40.530,N/A,N/A,N/A,N/A,N/A,N/A,N/A,N/A
T1002TS007_3-D2,1.000,46.442,0,0.000,0,0.000,55.621,N/A,N/A,N/A,N/A,N/A,N/A,N/A,N/A
T1002TS145_5-D2,1.000,27.778,5,0.085,0,0.000,48.288,N/A,N/A,N/A,N/A,N/A,N/A,N/A,N/A
T1002TS497_2-D2,1.000,36.608,0,0.000,0,0.000,44.764,N/A,N/A,N/A,N/A,N/A,N/A,N/A,N/A
T1002TS246_3-D2,1.000,22.959,0,0.000,0,0.000,38.967,4krt,1.000,15.162,0,0.000,0,0.000,48.443
T1002TS368_2-D2,1.000,45.619,0,0.000,0,0.000,41.730,N/A,N/A,N/A,N/A,N/A,N/A,N/A,N/A
T1002TS089_5-D2,1.000,18.984,0,0.000,0,0.000,40.956,N/A,N/A,N/A,N/A,N/A,N/A,N/A,N/A
T1002TS086_2-D2,1.000,45.619,0,0.000,0,0.000,41.730,N/A,N/A,N/A,N/A,N/A,N/A,N/A,N/A
T1002TS365_5-D2,1.000,25.170,3,0.051,0,0.000,50.523,3npf,0.983,19.053,0,0.000,0,0.000,51.368
T1002TS055_4-D2,1.000,21.650,0,0.000,0,0.000,30.711,N/A,N/A,N/A,N/A,N/A,N/A,N/A,N/A
T1002TS348_3-D2,1.000,67.071,5,0.085,15,0.254,46.721,N/A,N/A,N/A,N/A,N/A,N/A,N/A,N/A
T1002TS197_5-D2,1.000,17.703,0,0.000,0,0.000,30.131,N/A,N/A,N/A,N/A,N/A,N/A,N/A,N/A
T1002TS089_1-D2,1.000,15.650,0,0.000,0,0.000,33.256,N/A,N/A,N/A,N/A,N/A,N/A,N/A,N/A
T1002TS004_3-D2,1.000,42.854,0,0.000,0,0.000,52.376,N/A,N/A,N/A,N/A,N/A,N/A,N/A,N/A
T1002TS460_2-D2,1.000,18.722,0,0.000,0,0.000,31.381,N/A,N/A,N/A,N/A,N/A,N/A,N/A,N/A
