Model Name,Model Coverage,Model Average Backbone Error,Model Twisted Peptide Count,Frac,Model cis/trans Flips,Frac,Model Average Sidechain Error,Template Name,Template Coverage,Template Average Backbone Error,Template Twisted Peptide Count,Frac,Template cis/trans Flips,Frac,Template Average Sidechain Error
T0953s1TS312_3-D1,1.000,42.111,2,0.030,0,0.000,59.959,4wa0,0.821,34.990,0,0.000,0,0.000,86.533
T0953s1TS309_2-D1,1.000,41.809,22,0.328,0,0.000,65.760,1pgu,0.910,38.937,0,0.000,1,0.010,98.593
T0953s1TS441_4-D1,1.000,41.333,7,0.104,0,0.000,55.356,N/A,N/A,N/A,N/A,N/A,N/A,N/A,N/A
T0953s1TS157_5-D1,1.000,39.716,0,0.000,1,0.015,57.808,N/A,N/A,N/A,N/A,N/A,N/A,N/A,N/A
T0953s1TS418_2-D1,1.000,36.806,4,0.060,0,0.000,62.535,N/A,N/A,N/A,N/A,N/A,N/A,N/A,N/A
T0953s1TS472_5-D1,1.000,57.369,0,0.000,0,0.000,56.625,N/A,N/A,N/A,N/A,N/A,N/A,N/A,N/A
T0953s1TS041_5-D1,1.000,37.857,0,0.000,0,0.000,68.581,N/A,N/A,N/A,N/A,N/A,N/A,N/A,N/A
T0953s1TS071_3-D1,1.000,41.333,7,0.104,0,0.000,55.356,4ozz,0.940,44.012,0,0.000,0,0.000,94.088
T0953s1TS085_5-D1,1.000,41.941,0,0.000,0,0.000,63.200,N/A,N/A,N/A,N/A,N/A,N/A,N/A,N/A
T0953s1TS329_5-D1,1.000,50.539,0,0.000,0,0.000,70.193,3ju4,0.806,37.948,0,0.000,0,0.000,79.831
T0953s1TS197_5-D1,1.000,33.293,0,0.000,0,0.000,63.770,N/A,N/A,N/A,N/A,N/A,N/A,N/A,N/A
T0953s1TS470_2-D1,1.000,44.983,0,0.000,0,0.000,64.366,N/A,N/A,N/A,N/A,N/A,N/A,N/A,N/A
T0953s1TS047_4-D1,1.000,35.780,0,0.000,0,0.000,69.038,5jmc,0.940,37.758,0,0.000,0,0.000,73.585
T0953s1TS381_3-D1,1.000,43.590,0,0.000,0,0.000,77.285,N/A,N/A,N/A,N/A,N/A,N/A,N/A,N/A
T0953s1TS047_5-D1,1.000,34.418,0,0.000,0,0.000,65.708,5jmc,0.940,37.758,0,0.000,0,0.000,73.585
T0953s1TS044_1-D1,1.000,36.806,4,0.060,0,0.000,62.535,N/A,N/A,N/A,N/A,N/A,N/A,N/A,N/A
T0953s1TS196_3-D1,1.000,39.474,3,0.045,0,0.000,63.135,N/A,N/A,N/A,N/A,N/A,N/A,N/A,N/A
T0953s1TS441_2-D1,1.000,30.547,0,0.000,0,0.000,58.708,N/A,N/A,N/A,N/A,N/A,N/A,N/A,N/A
T0953s1TS358_4-D1,1.000,57.734,18,0.269,0,0.000,57.308,N/A,N/A,N/A,N/A,N/A,N/A,N/A,N/A
T0953s1TS241_1-D1,1.000,34.817,0,0.000,0,0.000,53.991,N/A,N/A,N/A,N/A,N/A,N/A,N/A,N/A
T0953s1TS351_3-D1,1.000,45.529,0,0.000,0,0.000,75.364,N/A,N/A,N/A,N/A,N/A,N/A,N/A,N/A
T0953s1TS377_5-D1,1.000,31.039,0,0.000,0,0.000,59.624,N/A,N/A,N/A,N/A,N/A,N/A,N/A,N/A
T0953s1TS261_5-D1,1.000,49.421,13,0.194,0,0.000,67.446,N/A,N/A,N/A,N/A,N/A,N/A,N/A,N/A
T0953s1TS380_1-D1,1.000,40.282,1,0.015,0,0.000,64.961,N/A,N/A,N/A,N/A,N/A,N/A,N/A,N/A
T0953s1TS358_1-D1,1.000,58.128,18,0.269,0,0.000,52.022,N/A,N/A,N/A,N/A,N/A,N/A,N/A,N/A
T0953s1TS366_4-D1,1.000,43.801,0,0.000,0,0.000,75.250,N/A,N/A,N/A,N/A,N/A,N/A,N/A,N/A
T0953s1TS071_5-D1,1.000,40.314,0,0.000,2,0.030,65.192,4ozz,0.940,44.012,0,0.000,0,0.000,94.088
T0953s1TS124_2-D1,1.000,32.009,0,0.000,0,0.000,81.722,N/A,N/A,N/A,N/A,N/A,N/A,N/A,N/A
T0953s1TS244_2-D1,1.000,34.679,0,0.000,1,0.015,77.692,4gsx,0.985,40.714,0,0.000,0,0.000,91.040
T0953s1TS257_4-D1,1.000,44.963,0,0.000,0,0.000,82.844,N/A,N/A,N/A,N/A,N/A,N/A,N/A,N/A
T0953s1TS117_1-D1,1.000,36.617,0,0.000,0,0.000,86.083,N/A,N/A,N/A,N/A,N/A,N/A,N/A,N/A
T0953s1TS378_1-D1,1.000,43.817,0,0.000,0,0.000,69.105,N/A,N/A,N/A,N/A,N/A,N/A,N/A,N/A
T0953s1TS214_1-D1,1.000,32.783,0,0.000,0,0.000,53.889,N/A,N/A,N/A,N/A,N/A,N/A,N/A,N/A
T0953s1TS243_5-D1,1.000,36.340,0,0.000,0,0.000,59.327,1xd6,0.940,39.966,0,0.000,0,0.000,92.473
T0953s1TS426_5-D1,1.000,33.295,0,0.000,0,0.000,79.672,N/A,N/A,N/A,N/A,N/A,N/A,N/A,N/A
T0953s1TS418_4-D1,1.000,34.817,0,0.000,0,0.000,53.991,N/A,N/A,N/A,N/A,N/A,N/A,N/A,N/A
T0953s1TS309_4-D1,1.000,37.786,9,0.134,0,0.000,60.728,1pgu,0.910,38.937,0,0.000,1,0.010,98.593
T0953s1TS007_1-D1,1.000,39.901,0,0.000,0,0.000,70.582,2akk,0.642,39.315,0,0.000,0,0.000,99.237
T0953s1TS498_2-D1,1.000,47.775,0,0.000,0,0.000,76.156,N/A,N/A,N/A,N/A,N/A,N/A,N/A,N/A
T0953s1TS281_2-D1,1.000,31.885,1,0.015,0,0.000,59.872,N/A,N/A,N/A,N/A,N/A,N/A,N/A,N/A
T0953s1TS197_2-D1,1.000,33.005,0,0.000,0,0.000,66.739,N/A,N/A,N/A,N/A,N/A,N/A,N/A,N/A
T0953s1TS368_1-D1,1.000,40.314,0,0.000,2,0.030,65.192,N/A,N/A,N/A,N/A,N/A,N/A,N/A,N/A
T0953s1TS406_4-D1,1.000,38.075,2,0.030,0,0.000,64.644,N/A,N/A,N/A,N/A,N/A,N/A,N/A,N/A
T0953s1TS407_4-D1,1.000,37.554,0,0.000,0,0.000,69.207,N/A,N/A,N/A,N/A,N/A,N/A,N/A,N/A
T0953s1TS460_1-D1,1.000,28.676,0,0.000,0,0.000,59.370,N/A,N/A,N/A,N/A,N/A,N/A,N/A,N/A
T0953s1TS163_5-D1,1.000,35.158,1,0.015,2,0.030,59.909,N/A,N/A,N/A,N/A,N/A,N/A,N/A,N/A
T0953s1TS441_5-D1,1.000,39.723,0,0.000,0,0.000,73.254,N/A,N/A,N/A,N/A,N/A,N/A,N/A,N/A
T0953s1TS152_4-D1,1.000,38.089,0,0.000,0,0.000,60.862,N/A,N/A,N/A,N/A,N/A,N/A,N/A,N/A
T0953s1TS043_4-D1,1.000,20.591,0,0.000,0,0.000,44.803,N/A,N/A,N/A,N/A,N/A,N/A,N/A,N/A
T0953s1TS377_3-D1,1.000,30.870,0,0.000,0,0.000,59.851,N/A,N/A,N/A,N/A,N/A,N/A,N/A,N/A
T0953s1TS007_5-D1,1.000,42.009,0,0.000,0,0.000,80.643,2akk,0.642,39.315,0,0.000,0,0.000,99.237
T0953s1TS192_1-D1,1.000,40.312,0,0.000,2,0.030,65.192,N/A,N/A,N/A,N/A,N/A,N/A,N/A,N/A
T0953s1TS149_3-D1,1.000,29.359,0,0.000,0,0.000,82.718,N/A,N/A,N/A,N/A,N/A,N/A,N/A,N/A
T0953s1TS196_4-D1,1.000,39.474,3,0.045,0,0.000,63.137,N/A,N/A,N/A,N/A,N/A,N/A,N/A,N/A
T0953s1TS378_3-D1,1.000,39.516,0,0.000,0,0.000,56.472,N/A,N/A,N/A,N/A,N/A,N/A,N/A,N/A
T0953s1TS497_4-D1,1.000,46.906,0,0.000,0,0.000,68.361,N/A,N/A,N/A,N/A,N/A,N/A,N/A,N/A
T0953s1TS214_2-D1,1.000,32.648,0,0.000,0,0.000,61.056,N/A,N/A,N/A,N/A,N/A,N/A,N/A,N/A
T0953s1TS157_1-D1,1.000,44.682,0,0.000,0,0.000,62.923,N/A,N/A,N/A,N/A,N/A,N/A,N/A,N/A
T0953s1TS157_2-D1,1.000,39.894,0,0.000,0,0.000,66.675,N/A,N/A,N/A,N/A,N/A,N/A,N/A,N/A
T0953s1TS004_4-D1,1.000,35.024,0,0.000,0,0.000,65.332,3a0e,0.940,36.866,0,0.000,1,0.010,97.150
T0953s1TS224_4-D1,1.000,38.075,2,0.030,0,0.000,64.644,N/A,N/A,N/A,N/A,N/A,N/A,N/A,N/A
T0953s1TS085_2-D1,1.000,35.533,0,0.000,0,0.000,60.113,N/A,N/A,N/A,N/A,N/A,N/A,N/A,N/A
T0953s1TS244_5-D1,1.000,42.390,0,0.000,0,0.000,59.424,4gsx,0.985,40.714,0,0.000,0,0.000,91.040
T0953s1TS488_5-D1,1.000,38.489,0,0.000,0,0.000,59.727,3a79,0.493,46.586,0,0.000,0,0.000,97.371
T0953s1TS149_1-D1,1.000,34.103,0,0.000,0,0.000,89.677,N/A,N/A,N/A,N/A,N/A,N/A,N/A,N/A
T0953s1TS366_1-D1,1.000,47.738,4,0.060,0,0.000,79.267,N/A,N/A,N/A,N/A,N/A,N/A,N/A,N/A
T0953s1TS460_4-D1,1.000,29.059,0,0.000,0,0.000,59.598,N/A,N/A,N/A,N/A,N/A,N/A,N/A,N/A
T0953s1TS457_1-D1,1.000,36.806,4,0.060,0,0.000,62.535,N/A,N/A,N/A,N/A,N/A,N/A,N/A,N/A
T0953s1TS160_5-D1,1.000,46.792,22,0.328,0,0.000,61.832,3a0c,0.940,37.978,0,0.000,1,0.010,93.939
T0953s1TS460_2-D1,1.000,29.298,0,0.000,0,0.000,61.264,N/A,N/A,N/A,N/A,N/A,N/A,N/A,N/A
T0953s1TS224_2-D1,1.000,58.926,11,0.164,1,0.015,79.786,N/A,N/A,N/A,N/A,N/A,N/A,N/A,N/A
T0953s1TS097_3-D1,1.000,39.381,0,0.000,0,0.000,70.915,N/A,N/A,N/A,N/A,N/A,N/A,N/A,N/A
T0953s1TS366_5-D1,1.000,43.802,0,0.000,0,0.000,75.251,N/A,N/A,N/A,N/A,N/A,N/A,N/A,N/A
T0953s1TS274_4-D1,1.000,32.226,0,0.000,0,0.000,63.948,N/A,N/A,N/A,N/A,N/A,N/A,N/A,N/A
T0953s1TS246_4-D1,1.000,36.623,0,0.000,0,0.000,85.071,1pgu,0.910,38.937,0,0.000,1,0.010,98.593
T0953s1TS160_3-D1,1.000,43.061,10,0.149,0,0.000,60.907,3a0c,0.940,37.978,0,0.000,1,0.010,93.939
T0953s1TS043_3-D1,1.000,23.265,0,0.000,0,0.000,50.926,N/A,N/A,N/A,N/A,N/A,N/A,N/A,N/A
T0953s1TS007_4-D1,1.000,34.679,0,0.000,1,0.015,77.692,2akk,0.642,39.315,0,0.000,0,0.000,99.237
T0953s1TS476_5-D1,1.000,56.724,0,0.000,0,0.000,82.216,N/A,N/A,N/A,N/A,N/A,N/A,N/A,N/A
T0953s1TS492_2-D1,1.000,36.974,0,0.000,0,0.000,64.986,N/A,N/A,N/A,N/A,N/A,N/A,N/A,N/A
T0953s1TS116_5-D1,1.000,35.303,0,0.000,0,0.000,80.148,4ld1,1.000,39.937,0,0.000,0,0.000,93.002
T0953s1TS160_2-D1,1.000,50.206,28,0.418,1,0.015,61.870,3a0c,0.940,37.978,0,0.000,1,0.010,93.939
T0953s1TS335_2-D1,1.000,41.845,0,0.000,0,0.000,56.234,N/A,N/A,N/A,N/A,N/A,N/A,N/A,N/A
T0953s1TS337_5-D1,1.000,39.161,0,0.000,0,0.000,75.375,N/A,N/A,N/A,N/A,N/A,N/A,N/A,N/A
T0953s1TS023_4-D1,1.000,34.861,0,0.000,0,0.000,93.272,N/A,N/A,N/A,N/A,N/A,N/A,N/A,N/A
T0953s1TS023_5-D1,1.000,33.695,0,0.000,0,0.000,68.568,N/A,N/A,N/A,N/A,N/A,N/A,N/A,N/A
T0953s1TS406_1-D1,1.000,36.806,4,0.060,0,0.000,62.535,N/A,N/A,N/A,N/A,N/A,N/A,N/A,N/A
T0953s1TS097_4-D1,1.000,36.019,0,0.000,0,0.000,71.720,N/A,N/A,N/A,N/A,N/A,N/A,N/A,N/A
T0953s1TS368_5-D1,1.000,34.817,0,0.000,0,0.000,53.991,N/A,N/A,N/A,N/A,N/A,N/A,N/A,N/A
T0953s1TS381_1-D1,1.000,44.320,0,0.000,0,0.000,80.243,N/A,N/A,N/A,N/A,N/A,N/A,N/A,N/A
T0953s1TS407_5-D1,1.000,39.011,0,0.000,0,0.000,73.959,N/A,N/A,N/A,N/A,N/A,N/A,N/A,N/A
T0953s1TS023_3-D1,1.000,40.369,0,0.000,0,0.000,82.636,N/A,N/A,N/A,N/A,N/A,N/A,N/A,N/A
T0953s1TS406_5-D1,1.000,29.359,0,0.000,0,0.000,82.718,N/A,N/A,N/A,N/A,N/A,N/A,N/A,N/A
T0953s1TS380_5-D1,1.000,39.095,1,0.015,0,0.000,66.392,N/A,N/A,N/A,N/A,N/A,N/A,N/A,N/A
T0953s1TS124_1-D1,1.000,33.446,0,0.000,0,0.000,74.864,N/A,N/A,N/A,N/A,N/A,N/A,N/A,N/A
T0953s1TS043_1-D1,1.000,25.372,0,0.000,0,0.000,53.528,N/A,N/A,N/A,N/A,N/A,N/A,N/A,N/A
T0953s1TS431_3-D1,1.000,28.196,0,0.000,0,0.000,57.664,N/A,N/A,N/A,N/A,N/A,N/A,N/A,N/A
T0953s1TS418_1-D1,1.000,39.473,3,0.045,0,0.000,63.141,N/A,N/A,N/A,N/A,N/A,N/A,N/A,N/A
T0953s1TS224_5-D1,1.000,36.936,0,0.000,0,0.000,53.552,N/A,N/A,N/A,N/A,N/A,N/A,N/A,N/A
T0953s1TS497_2-D1,1.000,42.558,0,0.000,0,0.000,66.440,N/A,N/A,N/A,N/A,N/A,N/A,N/A,N/A
T0953s1TS337_2-D1,1.000,30.642,0,0.000,0,0.000,70.795,N/A,N/A,N/A,N/A,N/A,N/A,N/A,N/A
T0953s1TS401_2-D1,1.000,44.536,0,0.000,0,0.000,71.352,N/A,N/A,N/A,N/A,N/A,N/A,N/A,N/A
T0953s1TS390_1-D1,1.000,38.300,1,0.015,0,0.000,60.465,N/A,N/A,N/A,N/A,N/A,N/A,N/A,N/A
T0953s1TS257_2-D1,1.000,39.806,0,0.000,0,0.000,86.457,N/A,N/A,N/A,N/A,N/A,N/A,N/A,N/A
T0953s1TS497_1-D1,1.000,39.615,0,0.000,0,0.000,72.892,N/A,N/A,N/A,N/A,N/A,N/A,N/A,N/A
T0953s1TS222_5-D1,1.000,38.559,0,0.000,0,0.000,63.703,N/A,N/A,N/A,N/A,N/A,N/A,N/A,N/A
T0953s1TS498_3-D1,1.000,49.856,0,0.000,0,0.000,76.323,N/A,N/A,N/A,N/A,N/A,N/A,N/A,N/A
T0953s1TS261_3-D1,1.000,44.554,6,0.090,0,0.000,63.518,N/A,N/A,N/A,N/A,N/A,N/A,N/A,N/A
T0953s1TS281_3-D1,1.000,32.641,2,0.030,0,0.000,59.351,N/A,N/A,N/A,N/A,N/A,N/A,N/A,N/A
T0953s1TS222_1-D1,1.000,38.809,0,0.000,0,0.000,59.213,N/A,N/A,N/A,N/A,N/A,N/A,N/A,N/A
T0953s1TS208_2-D1,1.000,35.162,0,0.000,0,0.000,57.895,N/A,N/A,N/A,N/A,N/A,N/A,N/A,N/A
T0953s1TS071_4-D1,1.000,32.009,0,0.000,0,0.000,81.722,4ozz,0.940,44.012,0,0.000,0,0.000,94.088
T0953s1TS196_2-D1,1.000,45.002,9,0.134,0,0.000,69.154,N/A,N/A,N/A,N/A,N/A,N/A,N/A,N/A
T0953s1TS381_2-D1,1.000,42.430,0,0.000,0,0.000,61.255,N/A,N/A,N/A,N/A,N/A,N/A,N/A,N/A
T0953s1TS365_2-D1,1.000,40.570,0,0.000,0,0.000,56.903,2b4h,0.731,35.248,0,0.000,0,0.000,87.649
T0953s1TS196_1-D1,1.000,39.471,3,0.045,0,0.000,63.140,N/A,N/A,N/A,N/A,N/A,N/A,N/A,N/A
T0953s1TS492_5-D1,1.000,35.567,0,0.000,0,0.000,62.634,N/A,N/A,N/A,N/A,N/A,N/A,N/A,N/A
T0953s1TS458_4-D1,1.000,45.180,0,0.000,0,0.000,83.773,N/A,N/A,N/A,N/A,N/A,N/A,N/A,N/A
T0953s1TS470_4-D1,1.000,47.166,0,0.000,0,0.000,60.941,N/A,N/A,N/A,N/A,N/A,N/A,N/A,N/A
T0953s1TS351_2-D1,1.000,45.529,0,0.000,0,0.000,75.364,N/A,N/A,N/A,N/A,N/A,N/A,N/A,N/A
T0953s1TS457_2-D1,1.000,39.473,3,0.045,0,0.000,63.141,N/A,N/A,N/A,N/A,N/A,N/A,N/A,N/A
T0953s1TS337_4-D1,1.000,39.723,0,0.000,0,0.000,73.254,N/A,N/A,N/A,N/A,N/A,N/A,N/A,N/A
T0953s1TS152_2-D1,1.000,40.918,0,0.000,0,0.000,79.940,N/A,N/A,N/A,N/A,N/A,N/A,N/A,N/A
T0953s1TS243_1-D1,1.000,40.369,0,0.000,0,0.000,58.583,1xd6,0.940,39.966,0,0.000,0,0.000,92.473
T0953s1TS089_1-D1,1.000,34.883,0,0.000,0,0.000,67.307,N/A,N/A,N/A,N/A,N/A,N/A,N/A,N/A
T0953s1TS497_3-D1,1.000,42.529,0,0.000,0,0.000,80.325,N/A,N/A,N/A,N/A,N/A,N/A,N/A,N/A
T0953s1TS473_3-D1,1.000,38.261,0,0.000,0,0.000,55.189,N/A,N/A,N/A,N/A,N/A,N/A,N/A,N/A
T0953s1TS329_2-D1,1.000,50.539,0,0.000,0,0.000,70.193,3ju4,0.806,37.948,0,0.000,0,0.000,79.831
T0953s1TS089_2-D1,1.000,33.502,0,0.000,0,0.000,64.203,N/A,N/A,N/A,N/A,N/A,N/A,N/A,N/A
T0953s1TS041_3-D1,1.000,35.591,0,0.000,0,0.000,80.168,N/A,N/A,N/A,N/A,N/A,N/A,N/A,N/A
T0953s1TS460_5-D1,1.000,29.069,0,0.000,0,0.000,59.564,N/A,N/A,N/A,N/A,N/A,N/A,N/A,N/A
T0953s1TS089_5-D1,1.000,35.939,0,0.000,0,0.000,58.919,N/A,N/A,N/A,N/A,N/A,N/A,N/A,N/A
T0953s1TS246_5-D1,1.000,36.623,0,0.000,0,0.000,85.071,1pgu,0.910,38.937,0,0.000,1,0.010,98.593
T0953s1TS312_4-D1,1.000,42.633,2,0.030,0,0.000,72.988,4wa0,0.821,34.990,0,0.000,0,0.000,86.533
T0953s1TS071_2-D1,1.000,33.255,0,0.000,0,0.000,76.397,4ozz,0.940,44.012,0,0.000,0,0.000,94.088
T0953s1TS351_5-D1,1.000,45.529,0,0.000,0,0.000,75.364,N/A,N/A,N/A,N/A,N/A,N/A,N/A,N/A
T0953s1TS085_1-D1,1.000,36.936,0,0.000,0,0.000,53.552,N/A,N/A,N/A,N/A,N/A,N/A,N/A,N/A
T0953s1TS279_2-D1,1.000,31.708,0,0.000,0,0.000,75.158,N/A,N/A,N/A,N/A,N/A,N/A,N/A,N/A
T0953s1TS089_4-D1,1.000,38.409,0,0.000,0,0.000,67.226,N/A,N/A,N/A,N/A,N/A,N/A,N/A,N/A
T0953s1TS117_4-D1,1.000,45.366,0,0.000,0,0.000,70.064,N/A,N/A,N/A,N/A,N/A,N/A,N/A,N/A
T0953s1TS157_4-D1,1.000,36.669,0,0.000,0,0.000,60.414,N/A,N/A,N/A,N/A,N/A,N/A,N/A,N/A
T0953s1TS117_3-D1,1.000,45.366,0,0.000,0,0.000,70.064,N/A,N/A,N/A,N/A,N/A,N/A,N/A,N/A
T0953s1TS407_2-D1,1.000,34.955,0,0.000,0,0.000,79.012,N/A,N/A,N/A,N/A,N/A,N/A,N/A,N/A
T0953s1TS241_4-D1,1.000,35.289,0,0.000,0,0.000,57.601,N/A,N/A,N/A,N/A,N/A,N/A,N/A,N/A
T0953s1TS458_5-D1,1.000,39.254,0,0.000,0,0.000,78.239,N/A,N/A,N/A,N/A,N/A,N/A,N/A,N/A
T0953s1TS058_5-D1,1.000,34.253,0,0.000,0,0.000,62.075,N/A,N/A,N/A,N/A,N/A,N/A,N/A,N/A
T0953s1TS152_3-D1,1.000,38.130,0,0.000,0,0.000,63.155,N/A,N/A,N/A,N/A,N/A,N/A,N/A,N/A
T0953s1TS312_1-D1,1.000,37.824,1,0.015,0,0.000,54.386,4wa0,0.821,34.990,0,0.000,0,0.000,86.533
T0953s1TS472_4-D1,1.000,59.118,0,0.000,0,0.000,57.561,N/A,N/A,N/A,N/A,N/A,N/A,N/A,N/A
T0953s1TS457_4-D1,1.000,41.056,14,0.209,0,0.000,69.007,N/A,N/A,N/A,N/A,N/A,N/A,N/A,N/A
T0953s1TS309_5-D1,1.000,36.806,4,0.060,0,0.000,62.535,1pgu,0.910,38.937,0,0.000,1,0.010,98.593
T0953s1TS431_1-D1,1.000,33.605,0,0.000,0,0.000,52.099,N/A,N/A,N/A,N/A,N/A,N/A,N/A,N/A
T0953s1TS208_4-D1,1.000,40.917,0,0.000,0,0.000,57.801,N/A,N/A,N/A,N/A,N/A,N/A,N/A,N/A
T0953s1TS322_5-D1,1.000,47.435,8,0.119,1,0.015,64.751,N/A,N/A,N/A,N/A,N/A,N/A,N/A,N/A
T0953s1TS368_3-D1,1.000,32.746,0,0.000,2,0.030,64.182,N/A,N/A,N/A,N/A,N/A,N/A,N/A,N/A
T0953s1TS407_3-D1,1.000,42.842,0,0.000,0,0.000,74.352,N/A,N/A,N/A,N/A,N/A,N/A,N/A,N/A
T0953s1TS473_1-D1,1.000,38.554,0,0.000,0,0.000,55.164,N/A,N/A,N/A,N/A,N/A,N/A,N/A,N/A
T0953s1TS058_3-D1,1.000,37.724,0,0.000,0,0.000,65.730,N/A,N/A,N/A,N/A,N/A,N/A,N/A,N/A
T0953s1TS335_5-D1,1.000,35.302,0,0.000,0,0.000,56.408,N/A,N/A,N/A,N/A,N/A,N/A,N/A,N/A
T0953s1TS257_5-D1,1.000,42.790,0,0.000,0,0.000,74.617,N/A,N/A,N/A,N/A,N/A,N/A,N/A,N/A
T0953s1TS348_5-D1,1.000,75.302,40,0.597,2,0.030,76.503,N/A,N/A,N/A,N/A,N/A,N/A,N/A,N/A
T0953s1TS086_5-D1,1.000,36.504,0,0.000,2,0.030,66.135,N/A,N/A,N/A,N/A,N/A,N/A,N/A,N/A
T0953s1TS145_4-D1,1.000,38.075,2,0.030,0,0.000,64.644,N/A,N/A,N/A,N/A,N/A,N/A,N/A,N/A
T0953s1TS117_2-D1,1.000,45.366,0,0.000,0,0.000,70.064,N/A,N/A,N/A,N/A,N/A,N/A,N/A,N/A
T0953s1TS288_5-D1,1.000,40.114,0,0.000,0,0.000,71.326,N/A,N/A,N/A,N/A,N/A,N/A,N/A,N/A
T0953s1TS279_1-D1,1.000,36.266,0,0.000,0,0.000,69.903,N/A,N/A,N/A,N/A,N/A,N/A,N/A,N/A
T0953s1TS488_4-D1,1.000,45.487,0,0.000,1,0.015,63.013,3a79,0.493,46.586,0,0.000,0,0.000,97.371
T0953s1TS224_3-D1,1.000,41.809,22,0.328,0,0.000,65.760,N/A,N/A,N/A,N/A,N/A,N/A,N/A,N/A
T0953s1TS068_1-D1,1.000,46.496,0,0.000,0,0.000,53.059,N/A,N/A,N/A,N/A,N/A,N/A,N/A,N/A
T0953s1TS426_4-D1,1.000,32.489,0,0.000,0,0.000,74.787,N/A,N/A,N/A,N/A,N/A,N/A,N/A,N/A
T0953s1TS041_4-D1,1.000,34.906,0,0.000,0,0.000,74.924,N/A,N/A,N/A,N/A,N/A,N/A,N/A,N/A
T0953s1TS004_5-D1,1.000,40.065,0,0.000,0,0.000,67.453,3a0e,0.940,36.866,0,0.000,1,0.010,97.150
T0953s1TS337_1-D1,1.000,35.548,0,0.000,0,0.000,49.485,N/A,N/A,N/A,N/A,N/A,N/A,N/A,N/A
T0953s1TS077_1-D1,1.000,31.391,0,0.000,0,0.000,68.896,N/A,N/A,N/A,N/A,N/A,N/A,N/A,N/A
T0953s1TS431_4-D1,1.000,33.866,2,0.030,0,0.000,66.110,N/A,N/A,N/A,N/A,N/A,N/A,N/A,N/A
T0953s1TS192_2-D1,1.000,39.473,3,0.045,0,0.000,63.141,N/A,N/A,N/A,N/A,N/A,N/A,N/A,N/A
T0953s1TS004_1-D1,1.000,40.692,0,0.000,0,0.000,56.814,3a0e,0.940,36.866,0,0.000,1,0.010,97.150
T0953s1TS458_1-D1,1.000,44.769,0,0.000,0,0.000,75.337,N/A,N/A,N/A,N/A,N/A,N/A,N/A,N/A
T0953s1TS473_4-D1,1.000,34.744,0,0.000,0,0.000,51.547,N/A,N/A,N/A,N/A,N/A,N/A,N/A,N/A
T0953s1TS112_2-D1,1.000,34.689,0,0.000,0,0.000,55.489,N/A,N/A,N/A,N/A,N/A,N/A,N/A,N/A
T0953s1TS145_2-D1,1.000,37.786,9,0.134,0,0.000,60.728,N/A,N/A,N/A,N/A,N/A,N/A,N/A,N/A
T0953s1TS354_3-D1,1.000,38.075,2,0.030,0,0.000,64.644,N/A,N/A,N/A,N/A,N/A,N/A,N/A,N/A
T0953s1TS135_1-D1,1.000,39.471,3,0.045,0,0.000,63.140,N/A,N/A,N/A,N/A,N/A,N/A,N/A,N/A
T0953s1TS124_3-D1,1.000,36.042,0,0.000,0,0.000,76.949,N/A,N/A,N/A,N/A,N/A,N/A,N/A,N/A
T0953s1TS473_2-D1,1.000,34.545,0,0.000,0,0.000,46.552,N/A,N/A,N/A,N/A,N/A,N/A,N/A,N/A
T0953s1TS163_1-D1,1.000,48.156,0,0.000,0,0.000,67.776,N/A,N/A,N/A,N/A,N/A,N/A,N/A,N/A
T0953s1TS488_3-D1,1.000,40.046,0,0.000,0,0.000,51.179,3a79,0.493,46.586,0,0.000,0,0.000,97.371
T0953s1TS208_5-D1,1.000,36.630,0,0.000,0,0.000,58.842,N/A,N/A,N/A,N/A,N/A,N/A,N/A,N/A
T0953s1TS097_5-D1,1.000,41.085,0,0.000,0,0.000,74.384,N/A,N/A,N/A,N/A,N/A,N/A,N/A,N/A
T0953s1TS222_3-D1,1.000,38.205,0,0.000,0,0.000,60.421,N/A,N/A,N/A,N/A,N/A,N/A,N/A,N/A
T0953s1TS390_4-D1,1.000,34.623,0,0.000,0,0.000,59.873,N/A,N/A,N/A,N/A,N/A,N/A,N/A,N/A
T0953s1TS407_1-D1,1.000,38.053,0,0.000,0,0.000,65.642,N/A,N/A,N/A,N/A,N/A,N/A,N/A,N/A
T0953s1TS043_2-D1,1.000,23.291,0,0.000,0,0.000,41.586,N/A,N/A,N/A,N/A,N/A,N/A,N/A,N/A
T0953s1TS365_1-D1,1.000,39.323,2,0.030,0,0.000,62.631,2b4h,0.731,35.248,0,0.000,0,0.000,87.649
T0953s1TS401_4-D1,1.000,45.618,0,0.000,0,0.000,59.511,N/A,N/A,N/A,N/A,N/A,N/A,N/A,N/A
T0953s1TS160_1-D1,1.000,41.809,22,0.328,0,0.000,65.760,3a0c,0.940,37.978,0,0.000,1,0.010,93.939
T0953s1TS110_3-D1,1.000,48.207,2,0.030,1,0.015,58.776,N/A,N/A,N/A,N/A,N/A,N/A,N/A,N/A
T0953s1TS110_5-D1,1.000,41.889,4,0.060,2,0.030,55.658,N/A,N/A,N/A,N/A,N/A,N/A,N/A,N/A
T0953s1TS163_3-D1,1.000,35.168,1,0.015,2,0.030,60.079,N/A,N/A,N/A,N/A,N/A,N/A,N/A,N/A
T0953s1TS279_5-D1,1.000,36.099,0,0.000,0,0.000,80.133,N/A,N/A,N/A,N/A,N/A,N/A,N/A,N/A
T0953s1TS043_5-D1,1.000,29.511,0,0.000,0,0.000,48.549,N/A,N/A,N/A,N/A,N/A,N/A,N/A,N/A
T0953s1TS007_2-D1,1.000,41.076,0,0.000,0,0.000,64.685,2akk,0.642,39.315,0,0.000,0,0.000,99.237
T0953s1TS243_2-D1,1.000,31.949,0,0.000,0,0.000,59.408,1xd6,0.940,39.966,0,0.000,0,0.000,92.473
T0953s1TS160_4-D1,1.000,36.855,14,0.209,0,0.000,68.385,3a0c,0.940,37.978,0,0.000,1,0.010,93.939
T0953s1TS086_2-D1,1.000,38.942,0,0.000,2,0.030,58.942,N/A,N/A,N/A,N/A,N/A,N/A,N/A,N/A
T0953s1TS274_1-D1,1.000,31.176,0,0.000,0,0.000,58.324,N/A,N/A,N/A,N/A,N/A,N/A,N/A,N/A
T0953s1TS246_2-D1,1.000,36.623,0,0.000,0,0.000,85.071,1pgu,0.910,38.937,0,0.000,1,0.010,98.593
T0953s1TS055_1-D1,1.000,39.473,3,0.045,0,0.000,63.141,N/A,N/A,N/A,N/A,N/A,N/A,N/A,N/A
T0953s1TS426_3-D1,1.000,37.786,9,0.134,0,0.000,60.728,N/A,N/A,N/A,N/A,N/A,N/A,N/A,N/A
T0953s1TS157_3-D1,1.000,44.277,0,0.000,1,0.015,60.955,N/A,N/A,N/A,N/A,N/A,N/A,N/A,N/A
T0953s1TS208_3-D1,1.000,43.373,0,0.000,0,0.000,74.748,N/A,N/A,N/A,N/A,N/A,N/A,N/A,N/A
T0953s1TS214_5-D1,1.000,32.480,0,0.000,0,0.000,58.908,N/A,N/A,N/A,N/A,N/A,N/A,N/A,N/A
T0953s1TS377_4-D1,1.000,36.134,0,0.000,0,0.000,64.468,N/A,N/A,N/A,N/A,N/A,N/A,N/A,N/A
T0953s1TS266_1-D1,1.000,34.597,0,0.000,0,0.000,62.365,N/A,N/A,N/A,N/A,N/A,N/A,N/A,N/A
T0953s1TS335_4-D1,1.000,32.846,0,0.000,0,0.000,52.341,N/A,N/A,N/A,N/A,N/A,N/A,N/A,N/A
T0953s1TS055_4-D1,1.000,41.056,14,0.209,0,0.000,69.784,N/A,N/A,N/A,N/A,N/A,N/A,N/A,N/A
T0953s1TS344_2-D1,1.000,35.362,1,0.015,0,0.000,63.750,N/A,N/A,N/A,N/A,N/A,N/A,N/A,N/A
T0953s1TS476_1-D1,1.000,60.794,1,0.015,0,0.000,72.648,N/A,N/A,N/A,N/A,N/A,N/A,N/A,N/A
T0953s1TS337_3-D1,1.000,36.472,0,0.000,0,0.000,64.579,N/A,N/A,N/A,N/A,N/A,N/A,N/A,N/A
T0953s1TS378_2-D1,1.000,39.927,0,0.000,0,0.000,64.248,N/A,N/A,N/A,N/A,N/A,N/A,N/A,N/A
T0953s1TS261_1-D1,1.000,36.806,4,0.060,0,0.000,62.535,N/A,N/A,N/A,N/A,N/A,N/A,N/A,N/A
T0953s1TS135_2-D1,1.000,39.471,3,0.045,0,0.000,63.140,N/A,N/A,N/A,N/A,N/A,N/A,N/A,N/A
T0953s1TS241_5-D1,1.000,35.533,0,0.000,0,0.000,60.113,N/A,N/A,N/A,N/A,N/A,N/A,N/A,N/A
T0953s1TS156_4-D1,1.000,41.398,0,0.000,0,0.000,59.446,4gsx,0.985,40.714,0,0.000,0,0.000,91.040
T0953s1TS472_2-D1,1.000,59.697,2,0.030,0,0.000,58.135,N/A,N/A,N/A,N/A,N/A,N/A,N/A,N/A
T0953s1TS488_1-D1,1.000,40.887,1,0.015,1,0.015,59.640,3a79,0.493,46.586,0,0.000,0,0.000,97.371
T0953s1TS135_4-D1,1.000,39.471,3,0.045,0,0.000,63.140,N/A,N/A,N/A,N/A,N/A,N/A,N/A,N/A
T0953s1TS192_3-D1,1.000,37.786,9,0.134,0,0.000,60.728,N/A,N/A,N/A,N/A,N/A,N/A,N/A,N/A
T0953s1TS068_2-D1,1.000,47.688,0,0.000,0,0.000,55.655,N/A,N/A,N/A,N/A,N/A,N/A,N/A,N/A
T0953s1TS358_3-D1,1.000,54.195,16,0.239,0,0.000,55.321,N/A,N/A,N/A,N/A,N/A,N/A,N/A,N/A
T0953s1TS135_5-D1,1.000,39.471,3,0.045,0,0.000,63.140,N/A,N/A,N/A,N/A,N/A,N/A,N/A,N/A
T0953s1TS288_2-D1,1.000,41.225,0,0.000,0,0.000,61.177,N/A,N/A,N/A,N/A,N/A,N/A,N/A,N/A
T0953s1TS329_3-D1,1.000,36.412,0,0.000,0,0.000,69.854,3ju4,0.806,37.948,0,0.000,0,0.000,79.831
T0953s1TS156_2-D1,1.000,42.091,0,0.000,0,0.000,61.066,4gsx,0.985,40.714,0,0.000,0,0.000,91.040
T0953s1TS488_2-D1,1.000,38.858,0,0.000,0,0.000,61.406,3a79,0.493,46.586,0,0.000,0,0.000,97.371
T0953s1TS473_5-D1,1.000,38.179,0,0.000,0,0.000,56.054,N/A,N/A,N/A,N/A,N/A,N/A,N/A,N/A
T0953s1TS116_2-D1,1.000,31.870,0,0.000,0,0.000,69.182,4ld1,1.000,39.937,0,0.000,0,0.000,93.002
T0953s1TS324_3-D1,1.000,31.215,0,0.000,0,0.000,70.931,2ou5,0.537,40.339,0,0.000,2,0.036,93.287
T0953s1TS085_4-D1,1.000,42.632,0,0.000,0,0.000,64.908,N/A,N/A,N/A,N/A,N/A,N/A,N/A,N/A
T0953s1TS288_3-D1,1.000,40.312,0,0.000,0,0.000,70.749,N/A,N/A,N/A,N/A,N/A,N/A,N/A,N/A
T0953s1TS312_5-D1,1.000,41.615,0,0.000,0,0.000,66.001,4wa0,0.821,34.990,0,0.000,0,0.000,86.533
T0953s1TS441_3-D1,1.000,35.548,0,0.000,0,0.000,49.485,N/A,N/A,N/A,N/A,N/A,N/A,N/A,N/A
T0953s1TS441_1-D1,1.000,27.631,0,0.000,0,0.000,59.620,N/A,N/A,N/A,N/A,N/A,N/A,N/A,N/A
T0953s1TS244_3-D1,1.000,40.314,0,0.000,2,0.030,65.192,4gsx,0.985,40.714,0,0.000,0,0.000,91.040
T0953s1TS164_4-D1,1.000,41.024,19,0.284,0,0.000,67.210,1pgu,0.910,38.937,0,0.000,1,0.010,98.593
T0953s1TS197_3-D1,1.000,33.172,0,0.000,0,0.000,62.117,N/A,N/A,N/A,N/A,N/A,N/A,N/A,N/A
T0953s1TS366_3-D1,1.000,47.738,4,0.060,0,0.000,79.267,N/A,N/A,N/A,N/A,N/A,N/A,N/A,N/A
T0953s1TS196_5-D1,1.000,36.805,4,0.060,0,0.000,62.536,N/A,N/A,N/A,N/A,N/A,N/A,N/A,N/A
T0953s1TS145_1-D1,1.000,39.473,3,0.045,0,0.000,63.141,N/A,N/A,N/A,N/A,N/A,N/A,N/A,N/A
T0953s1TS058_1-D1,1.000,38.632,0,0.000,0,0.000,61.063,N/A,N/A,N/A,N/A,N/A,N/A,N/A,N/A
T0953s1TS312_2-D1,1.000,42.010,1,0.015,0,0.000,72.927,4wa0,0.821,34.990,0,0.000,0,0.000,86.533
T0953s1TS241_2-D1,1.000,36.936,0,0.000,0,0.000,53.552,N/A,N/A,N/A,N/A,N/A,N/A,N/A,N/A
T0953s1TS365_3-D1,1.000,41.451,0,0.000,0,0.000,61.376,2b4h,0.731,35.248,0,0.000,0,0.000,87.649
T0953s1TS354_5-D1,1.000,31.849,0,0.000,0,0.000,60.356,N/A,N/A,N/A,N/A,N/A,N/A,N/A,N/A
T0953s1TS426_1-D1,1.000,39.473,3,0.045,0,0.000,63.141,N/A,N/A,N/A,N/A,N/A,N/A,N/A,N/A
T0953s1TS470_3-D1,1.000,48.824,0,0.000,0,0.000,62.289,N/A,N/A,N/A,N/A,N/A,N/A,N/A,N/A
T0953s1TS156_5-D1,1.000,42.390,0,0.000,0,0.000,59.424,4gsx,0.985,40.714,0,0.000,0,0.000,91.040
T0953s1TS368_4-D1,1.000,40.731,0,0.000,0,0.000,59.814,N/A,N/A,N/A,N/A,N/A,N/A,N/A,N/A
T0953s1TS156_3-D1,1.000,40.626,0,0.000,0,0.000,60.301,4gsx,0.985,40.714,0,0.000,0,0.000,91.040
T0953s1TS257_1-D1,1.000,41.469,0,0.000,0,0.000,71.035,N/A,N/A,N/A,N/A,N/A,N/A,N/A,N/A
T0953s1TS149_2-D1,1.000,31.002,0,0.000,0,0.000,78.017,N/A,N/A,N/A,N/A,N/A,N/A,N/A,N/A
T0953s1TS418_5-D1,1.000,37.786,9,0.134,0,0.000,60.728,N/A,N/A,N/A,N/A,N/A,N/A,N/A,N/A
T0953s1TS044_2-D1,1.000,27.631,0,0.000,0,0.000,59.620,N/A,N/A,N/A,N/A,N/A,N/A,N/A,N/A
T0953s1TS274_3-D1,1.000,32.963,0,0.000,0,0.000,63.991,N/A,N/A,N/A,N/A,N/A,N/A,N/A,N/A
T0953s1TS322_1-D1,1.000,41.693,13,0.194,0,0.000,66.321,N/A,N/A,N/A,N/A,N/A,N/A,N/A,N/A
T0953s1TS472_3-D1,1.000,58.654,2,0.030,0,0.000,59.654,N/A,N/A,N/A,N/A,N/A,N/A,N/A,N/A
T0953s1TS086_3-D1,1.000,36.295,0,0.000,2,0.030,63.941,N/A,N/A,N/A,N/A,N/A,N/A,N/A,N/A
T0953s1TS192_5-D1,1.000,32.746,0,0.000,2,0.030,64.182,N/A,N/A,N/A,N/A,N/A,N/A,N/A,N/A
T0953s1TS377_1-D1,1.000,37.544,0,0.000,0,0.000,64.155,N/A,N/A,N/A,N/A,N/A,N/A,N/A,N/A
T0953s1TS164_1-D1,1.000,47.987,32,0.478,0,0.000,54.839,1pgu,0.910,38.937,0,0.000,1,0.010,98.593
T0953s1TS149_4-D1,1.000,33.255,0,0.000,0,0.000,76.397,N/A,N/A,N/A,N/A,N/A,N/A,N/A,N/A
T0953s1TS041_2-D1,1.000,36.459,0,0.000,0,0.000,78.414,N/A,N/A,N/A,N/A,N/A,N/A,N/A,N/A
T0953s1TS044_5-D1,1.000,41.056,14,0.209,0,0.000,69.007,N/A,N/A,N/A,N/A,N/A,N/A,N/A,N/A
T0953s1TS458_2-D1,1.000,38.744,0,0.000,0,0.000,70.115,N/A,N/A,N/A,N/A,N/A,N/A,N/A,N/A
T0953s1TS047_3-D1,1.000,37.977,0,0.000,0,0.000,61.495,5jmc,0.940,37.758,0,0.000,0,0.000,73.585
T0953s1TS344_5-D1,1.000,35.269,1,0.015,0,0.000,61.221,N/A,N/A,N/A,N/A,N/A,N/A,N/A,N/A
T0953s1TS244_1-D1,1.000,33.255,0,0.000,0,0.000,76.397,4gsx,0.985,40.714,0,0.000,0,0.000,91.040
T0953s1TS354_4-D1,1.000,32.489,0,0.000,0,0.000,74.787,N/A,N/A,N/A,N/A,N/A,N/A,N/A,N/A
T0953s1TS089_3-D1,1.000,30.969,0,0.000,0,0.000,59.693,N/A,N/A,N/A,N/A,N/A,N/A,N/A,N/A
T0953s1TS222_2-D1,1.000,38.298,0,0.000,0,0.000,57.439,N/A,N/A,N/A,N/A,N/A,N/A,N/A,N/A
T0953s1TS152_1-D1,1.000,37.418,0,0.000,0,0.000,67.694,N/A,N/A,N/A,N/A,N/A,N/A,N/A,N/A
T0953s1TS418_3-D1,1.000,45.004,9,0.134,0,0.000,69.147,N/A,N/A,N/A,N/A,N/A,N/A,N/A,N/A
T0953s1TS257_3-D1,1.000,44.132,0,0.000,0,0.000,79.961,N/A,N/A,N/A,N/A,N/A,N/A,N/A,N/A
T0953s1TS110_2-D1,1.000,46.141,9,0.134,2,0.030,61.757,N/A,N/A,N/A,N/A,N/A,N/A,N/A,N/A
T0953s1TS472_1-D1,1.000,59.118,0,0.000,0,0.000,57.561,N/A,N/A,N/A,N/A,N/A,N/A,N/A,N/A
T0953s1TS322_2-D1,1.000,36.709,7,0.104,0,0.000,60.554,N/A,N/A,N/A,N/A,N/A,N/A,N/A,N/A
T0953s1TS097_1-D1,1.000,48.169,1,0.015,0,0.000,70.114,N/A,N/A,N/A,N/A,N/A,N/A,N/A,N/A
T0953s1TS460_3-D1,1.000,28.830,0,0.000,0,0.000,59.414,N/A,N/A,N/A,N/A,N/A,N/A,N/A,N/A
T0953s1TS431_2-D1,1.000,33.989,1,0.015,0,0.000,61.810,N/A,N/A,N/A,N/A,N/A,N/A,N/A,N/A
T0953s1TS261_2-D1,1.000,41.056,14,0.209,0,0.000,69.007,N/A,N/A,N/A,N/A,N/A,N/A,N/A,N/A
T0953s1TS068_4-D1,1.000,46.463,0,0.000,0,0.000,55.252,N/A,N/A,N/A,N/A,N/A,N/A,N/A,N/A
T0953s1TS324_5-D1,1.000,30.755,0,0.000,0,0.000,74.994,2ou5,0.537,40.339,0,0.000,2,0.036,93.287
T0953s1TS116_3-D1,1.000,35.171,0,0.000,0,0.000,73.523,4ld1,1.000,39.937,0,0.000,0,0.000,93.002
T0953s1TS426_2-D1,1.000,38.075,2,0.030,0,0.000,64.644,N/A,N/A,N/A,N/A,N/A,N/A,N/A,N/A
T0953s1TS116_1-D1,1.000,42.869,0,0.000,2,0.030,77.623,4ld1,1.000,39.937,0,0.000,0,0.000,93.002
T0953s1TS055_2-D1,1.000,40.314,0,0.000,2,0.030,65.192,N/A,N/A,N/A,N/A,N/A,N/A,N/A,N/A
T0953s1TS047_1-D1,1.000,37.483,0,0.000,0,0.000,66.374,5jmc,0.940,37.758,0,0.000,0,0.000,73.585
T0953s1TS470_5-D1,1.000,45.661,0,0.000,0,0.000,60.636,N/A,N/A,N/A,N/A,N/A,N/A,N/A,N/A
T0953s1TS348_1-D1,1.000,57.870,34,0.507,1,0.015,62.428,N/A,N/A,N/A,N/A,N/A,N/A,N/A,N/A
T0953s1TS055_5-D1,1.000,36.806,4,0.060,0,0.000,63.511,N/A,N/A,N/A,N/A,N/A,N/A,N/A,N/A
T0953s1TS097_2-D1,1.000,29.383,1,0.015,0,0.000,53.830,N/A,N/A,N/A,N/A,N/A,N/A,N/A,N/A
T0953s1TS390_3-D1,1.000,38.784,1,0.015,0,0.000,63.889,N/A,N/A,N/A,N/A,N/A,N/A,N/A,N/A
T0953s1TS344_1-D1,1.000,35.612,1,0.015,0,0.000,67.983,N/A,N/A,N/A,N/A,N/A,N/A,N/A,N/A
T0953s1TS324_1-D1,1.000,33.310,0,0.000,0,0.000,79.521,2ou5,0.537,40.339,0,0.000,2,0.036,93.287
T0953s1TS401_3-D1,1.000,47.667,0,0.000,0,0.000,71.533,N/A,N/A,N/A,N/A,N/A,N/A,N/A,N/A
T0953s1TS380_2-D1,1.000,36.469,0,0.000,0,0.000,71.458,N/A,N/A,N/A,N/A,N/A,N/A,N/A,N/A
T0953s1TS471_1-D1,1.000,33.693,0,0.000,0,0.000,60.767,1pgu,0.910,38.937,0,0.000,1,0.010,98.593
T0953s1TS288_4-D1,1.000,41.379,0,0.000,0,0.000,60.413,N/A,N/A,N/A,N/A,N/A,N/A,N/A,N/A
T0953s1TS324_2-D1,1.000,32.727,0,0.000,0,0.000,79.474,2ou5,0.537,40.339,0,0.000,2,0.036,93.287
T0953s1TS023_2-D1,1.000,33.295,0,0.000,0,0.000,79.672,N/A,N/A,N/A,N/A,N/A,N/A,N/A,N/A
T0953s1TS112_5-D1,1.000,34.227,0,0.000,0,0.000,88.311,N/A,N/A,N/A,N/A,N/A,N/A,N/A,N/A
T0953s1TS164_2-D1,1.000,51.446,25,0.373,0,0.000,59.357,1pgu,0.910,38.937,0,0.000,1,0.010,98.593
T0953s1TS458_3-D1,1.000,44.673,0,0.000,0,0.000,70.573,N/A,N/A,N/A,N/A,N/A,N/A,N/A,N/A
T0953s1TS058_4-D1,1.000,40.318,0,0.000,0,0.000,69.275,N/A,N/A,N/A,N/A,N/A,N/A,N/A,N/A
T0953s1TS335_3-D1,1.000,31.403,0,0.000,0,0.000,45.298,N/A,N/A,N/A,N/A,N/A,N/A,N/A,N/A
T0953s1TS244_4-D1,1.000,32.009,0,0.000,0,0.000,81.722,4gsx,0.985,40.714,0,0.000,0,0.000,91.040
T0953s1TS214_4-D1,1.000,32.969,0,0.000,0,0.000,67.936,N/A,N/A,N/A,N/A,N/A,N/A,N/A,N/A
T0953s1TS246_3-D1,1.000,36.623,0,0.000,0,0.000,85.071,1pgu,0.910,38.937,0,0.000,1,0.010,98.593
T0953s1TS274_2-D1,1.000,31.187,0,0.000,0,0.000,65.473,N/A,N/A,N/A,N/A,N/A,N/A,N/A,N/A
T0953s1TS058_2-D1,1.000,35.654,0,0.000,0,0.000,59.324,N/A,N/A,N/A,N/A,N/A,N/A,N/A,N/A
T0953s1TS497_5-D1,1.000,41.330,0,0.000,0,0.000,72.384,N/A,N/A,N/A,N/A,N/A,N/A,N/A,N/A
T0953s1TS329_4-D1,1.000,43.653,0,0.000,0,0.000,76.785,3ju4,0.806,37.948,0,0.000,0,0.000,79.831
T0953s1TS354_1-D1,1.000,41.056,14,0.209,0,0.000,69.007,N/A,N/A,N/A,N/A,N/A,N/A,N/A,N/A
T0953s1TS324_4-D1,1.000,34.226,0,0.000,0,0.000,78.291,2ou5,0.537,40.339,0,0.000,2,0.036,93.287
T0953s1TS365_4-D1,1.000,44.450,0,0.000,0,0.000,56.782,2b4h,0.731,35.248,0,0.000,0,0.000,87.649
T0953s1TS476_4-D1,1.000,47.724,0,0.000,0,0.000,81.206,N/A,N/A,N/A,N/A,N/A,N/A,N/A,N/A
T0953s1TS117_5-D1,1.000,45.366,0,0.000,0,0.000,70.064,N/A,N/A,N/A,N/A,N/A,N/A,N/A,N/A
T0953s1TS110_4-D1,1.000,45.178,7,0.104,1,0.015,61.971,N/A,N/A,N/A,N/A,N/A,N/A,N/A,N/A
T0953s1TS023_1-D1,1.000,32.489,0,0.000,0,0.000,74.787,N/A,N/A,N/A,N/A,N/A,N/A,N/A,N/A
T0953s1TS152_5-D1,1.000,35.029,0,0.000,0,0.000,77.027,N/A,N/A,N/A,N/A,N/A,N/A,N/A,N/A
T0953s1TS498_1-D1,1.000,49.481,0,0.000,0,0.000,86.873,N/A,N/A,N/A,N/A,N/A,N/A,N/A,N/A
T0953s1TS380_4-D1,1.000,38.549,0,0.000,0,0.000,61.234,N/A,N/A,N/A,N/A,N/A,N/A,N/A,N/A
T0953s1TS068_3-D1,1.000,47.300,0,0.000,0,0.000,58.495,N/A,N/A,N/A,N/A,N/A,N/A,N/A,N/A
T0953s1TS222_4-D1,1.000,38.541,0,0.000,0,0.000,63.337,N/A,N/A,N/A,N/A,N/A,N/A,N/A,N/A
T0953s1TS004_3-D1,1.000,40.086,0,0.000,0,0.000,67.242,3a0e,0.940,36.866,0,0.000,1,0.010,97.150
T0953s1TS044_3-D1,1.000,39.473,3,0.045,0,0.000,63.141,N/A,N/A,N/A,N/A,N/A,N/A,N/A,N/A
T0953s1TS406_3-D1,1.000,37.786,9,0.134,0,0.000,60.728,N/A,N/A,N/A,N/A,N/A,N/A,N/A,N/A
T0953s1TS086_4-D1,1.000,37.777,0,0.000,1,0.015,54.198,N/A,N/A,N/A,N/A,N/A,N/A,N/A,N/A
T0953s1TS401_1-D1,1.000,49.728,0,0.000,0,0.000,57.909,N/A,N/A,N/A,N/A,N/A,N/A,N/A,N/A
T0953s1TS145_5-D1,1.000,46.844,8,0.119,0,0.000,61.345,N/A,N/A,N/A,N/A,N/A,N/A,N/A,N/A
T0953s1TS112_3-D1,1.000,38.651,0,0.000,0,0.000,67.184,N/A,N/A,N/A,N/A,N/A,N/A,N/A,N/A
T0953s1TS348_2-D1,1.000,81.047,2,0.030,40,0.597,64.334,N/A,N/A,N/A,N/A,N/A,N/A,N/A,N/A
T0953s1TS498_4-D1,1.000,49.480,0,0.000,0,0.000,83.590,N/A,N/A,N/A,N/A,N/A,N/A,N/A,N/A
T0953s1TS281_1-D1,1.000,32.376,0,0.000,0,0.000,60.568,N/A,N/A,N/A,N/A,N/A,N/A,N/A,N/A
T0953s1TS068_5-D1,1.000,47.809,0,0.000,0,0.000,58.149,N/A,N/A,N/A,N/A,N/A,N/A,N/A,N/A
T0953s1TS492_4-D1,1.000,34.075,0,0.000,0,0.000,70.348,N/A,N/A,N/A,N/A,N/A,N/A,N/A,N/A
T0953s1TS221_1-D1,1.000,43.513,0,0.000,2,0.030,74.712,2ou5,0.537,40.339,0,0.000,2,0.036,93.287
T0953s1TS163_2-D1,1.000,39.215,0,0.000,3,0.045,70.831,N/A,N/A,N/A,N/A,N/A,N/A,N/A,N/A
T0953s1TS351_1-D1,1.000,45.529,0,0.000,0,0.000,75.364,N/A,N/A,N/A,N/A,N/A,N/A,N/A,N/A
T0953s1TS401_5-D1,1.000,46.972,0,0.000,0,0.000,59.419,N/A,N/A,N/A,N/A,N/A,N/A,N/A,N/A
T0953s1TS366_2-D1,1.000,47.738,4,0.060,0,0.000,79.267,N/A,N/A,N/A,N/A,N/A,N/A,N/A,N/A
T0953s1TS358_5-D1,1.000,57.695,18,0.269,0,0.000,68.235,N/A,N/A,N/A,N/A,N/A,N/A,N/A,N/A
T0953s1TS329_1-D1,1.000,43.653,0,0.000,0,0.000,76.785,3ju4,0.806,37.948,0,0.000,0,0.000,79.831
T0953s1TS378_4-D1,1.000,43.933,0,0.000,0,0.000,60.124,N/A,N/A,N/A,N/A,N/A,N/A,N/A,N/A
T0953s1TS261_4-D1,1.000,43.614,8,0.119,0,0.000,53.382,N/A,N/A,N/A,N/A,N/A,N/A,N/A,N/A
T0953s1TS071_1-D1,1.000,42.633,2,0.030,0,0.000,72.988,4ozz,0.940,44.012,0,0.000,0,0.000,94.088
T0953s1TS197_4-D1,1.000,32.435,0,0.000,0,0.000,50.425,N/A,N/A,N/A,N/A,N/A,N/A,N/A,N/A
T0953s1TS380_3-D1,1.000,40.682,1,0.015,0,0.000,69.265,N/A,N/A,N/A,N/A,N/A,N/A,N/A,N/A
T0953s1TS164_3-D1,1.000,43.533,24,0.358,0,0.000,68.402,1pgu,0.910,38.937,0,0.000,1,0.010,98.593
T0953s1TS041_1-D1,1.000,41.070,0,0.000,0,0.000,72.814,N/A,N/A,N/A,N/A,N/A,N/A,N/A,N/A
T0953s1TS470_1-D1,1.000,46.588,0,0.000,0,0.000,58.705,N/A,N/A,N/A,N/A,N/A,N/A,N/A,N/A
T0953s1TS112_1-D1,1.000,36.375,0,0.000,0,0.000,80.218,N/A,N/A,N/A,N/A,N/A,N/A,N/A,N/A
T0953s1TS055_3-D1,1.000,27.631,0,0.000,0,0.000,59.620,N/A,N/A,N/A,N/A,N/A,N/A,N/A,N/A
T0953s1TS004_2-D1,1.000,37.974,0,0.000,0,0.000,69.815,3a0e,0.940,36.866,0,0.000,1,0.010,97.150
T0953s1TS390_2-D1,1.000,38.231,1,0.015,0,0.000,66.458,N/A,N/A,N/A,N/A,N/A,N/A,N/A,N/A
T0953s1TS457_5-D1,1.000,27.631,0,0.000,0,0.000,59.620,N/A,N/A,N/A,N/A,N/A,N/A,N/A,N/A
T0953s1TS377_2-D1,1.000,36.363,0,0.000,0,0.000,64.605,N/A,N/A,N/A,N/A,N/A,N/A,N/A,N/A
T0953s1TS279_3-D1,1.000,33.977,0,0.000,0,0.000,77.467,N/A,N/A,N/A,N/A,N/A,N/A,N/A,N/A
T0953s1TS110_1-D1,1.000,43.534,7,0.104,1,0.015,56.398,N/A,N/A,N/A,N/A,N/A,N/A,N/A,N/A
T0953s1TS406_2-D1,1.000,27.631,0,0.000,0,0.000,59.620,N/A,N/A,N/A,N/A,N/A,N/A,N/A,N/A
T0953s1TS149_5-D1,1.000,32.786,0,0.000,0,0.000,77.264,N/A,N/A,N/A,N/A,N/A,N/A,N/A,N/A
T0953s1TS358_2-D1,1.000,58.128,18,0.269,0,0.000,52.875,N/A,N/A,N/A,N/A,N/A,N/A,N/A,N/A
T0953s1TS047_2-D1,1.000,35.625,0,0.000,0,0.000,66.705,5jmc,0.940,37.758,0,0.000,0,0.000,73.585
T0953s1TS246_1-D1,1.000,36.623,0,0.000,0,0.000,85.071,1pgu,0.910,38.937,0,0.000,1,0.010,98.593
T0953s1TS348_4-D1,1.000,91.947,1,0.015,52,0.776,53.297,N/A,N/A,N/A,N/A,N/A,N/A,N/A,N/A
T0953s1TS348_3-D1,1.000,88.893,0,0.000,49,0.731,63.212,N/A,N/A,N/A,N/A,N/A,N/A,N/A,N/A
T0953s1TS208_1-D1,1.000,34.734,0,0.000,0,0.000,57.856,N/A,N/A,N/A,N/A,N/A,N/A,N/A,N/A
T0953s1TS243_3-D1,1.000,35.723,0,0.000,0,0.000,61.257,1xd6,0.940,39.966,0,0.000,0,0.000,92.473
T0953s1TS145_3-D1,1.000,45.004,9,0.134,0,0.000,69.147,N/A,N/A,N/A,N/A,N/A,N/A,N/A,N/A
T0953s1TS116_4-D1,1.000,38.285,0,0.000,0,0.000,68.660,4ld1,1.000,39.937,0,0.000,0,0.000,93.002
T0953s1TS414_1-D1,1.000,46.012,0,0.000,2,0.030,69.443,N/A,N/A,N/A,N/A,N/A,N/A,N/A,N/A
T0953s1TS164_5-D1,1.000,43.140,15,0.224,0,0.000,69.721,1pgu,0.910,38.937,0,0.000,1,0.010,98.593
T0953s1TS344_3-D1,1.000,36.348,0,0.000,0,0.000,59.600,N/A,N/A,N/A,N/A,N/A,N/A,N/A,N/A
T0953s1TS241_3-D1,1.000,45.004,9,0.134,0,0.000,69.147,N/A,N/A,N/A,N/A,N/A,N/A,N/A,N/A
T0953s1TS368_2-D1,1.000,35.289,0,0.000,0,0.000,57.601,N/A,N/A,N/A,N/A,N/A,N/A,N/A,N/A
T0953s1TS085_3-D1,1.000,42.865,0,0.000,0,0.000,59.676,N/A,N/A,N/A,N/A,N/A,N/A,N/A,N/A
T0953s1TS351_4-D1,1.000,45.529,0,0.000,0,0.000,75.364,N/A,N/A,N/A,N/A,N/A,N/A,N/A,N/A
T0953s1TS335_1-D1,1.000,36.245,0,0.000,0,0.000,62.567,N/A,N/A,N/A,N/A,N/A,N/A,N/A,N/A
T0953s1TS197_1-D1,1.000,33.117,0,0.000,0,0.000,60.172,N/A,N/A,N/A,N/A,N/A,N/A,N/A,N/A
T0953s1TS135_3-D1,1.000,39.471,3,0.045,0,0.000,63.140,N/A,N/A,N/A,N/A,N/A,N/A,N/A,N/A
T0953s1TS007_3-D1,1.000,35.036,0,0.000,1,0.015,81.081,2akk,0.642,39.315,0,0.000,0,0.000,99.237
T0953s1TS476_3-D1,1.000,48.537,0,0.000,0,0.000,84.428,N/A,N/A,N/A,N/A,N/A,N/A,N/A,N/A
T0953s1TS279_4-D1,1.000,30.025,0,0.000,0,0.000,72.262,N/A,N/A,N/A,N/A,N/A,N/A,N/A,N/A
T0953s1TS156_1-D1,1.000,41.036,0,0.000,0,0.000,61.380,4gsx,0.985,40.714,0,0.000,0,0.000,91.040
T0953s1TS274_5-D1,1.000,28.852,0,0.000,0,0.000,63.435,N/A,N/A,N/A,N/A,N/A,N/A,N/A,N/A
T0953s1TS243_4-D1,1.000,40.123,0,0.000,0,0.000,62.697,1xd6,0.940,39.966,0,0.000,0,0.000,92.473
T0953s1TS457_3-D1,1.000,37.786,9,0.134,0,0.000,60.728,N/A,N/A,N/A,N/A,N/A,N/A,N/A,N/A
T0953s1TS322_3-D1,1.000,43.044,9,0.134,0,0.000,79.721,N/A,N/A,N/A,N/A,N/A,N/A,N/A,N/A
T0953s1TS378_5-D1,1.000,42.121,0,0.000,0,0.000,76.685,N/A,N/A,N/A,N/A,N/A,N/A,N/A,N/A
T0953s1TS309_3-D1,1.000,41.333,7,0.104,0,0.000,55.356,1pgu,0.910,38.937,0,0.000,1,0.010,98.593
T0953s1TS344_4-D1,1.000,40.466,1,0.015,0,0.000,54.626,N/A,N/A,N/A,N/A,N/A,N/A,N/A,N/A
T0953s1TS288_1-D1,1.000,37.786,0,0.000,0,0.000,66.281,N/A,N/A,N/A,N/A,N/A,N/A,N/A,N/A
T0953s1TS214_3-D1,1.000,36.035,0,0.000,0,0.000,60.794,N/A,N/A,N/A,N/A,N/A,N/A,N/A,N/A
T0953s1TS365_5-D1,1.000,41.549,0,0.000,0,0.000,59.222,2b4h,0.731,35.248,0,0.000,0,0.000,87.649
T0953s1TS112_4-D1,1.000,34.569,0,0.000,0,0.000,85.409,N/A,N/A,N/A,N/A,N/A,N/A,N/A,N/A
T0953s1TS498_5-D1,1.000,48.799,0,0.000,0,0.000,81.991,N/A,N/A,N/A,N/A,N/A,N/A,N/A,N/A
T0953s1TS224_1-D1,1.000,44.080,3,0.045,1,0.015,87.027,N/A,N/A,N/A,N/A,N/A,N/A,N/A,N/A
T0953s1TS163_4-D1,1.000,34.988,1,0.015,2,0.030,60.375,N/A,N/A,N/A,N/A,N/A,N/A,N/A,N/A
T0953s1TS387_1-D1,0.985,46.455,2,0.030,0,0.000,83.790,N/A,N/A,N/A,N/A,N/A,N/A,N/A,N/A
T0953s1TS044_4-D1,1.000,37.786,9,0.134,0,0.000,60.728,N/A,N/A,N/A,N/A,N/A,N/A,N/A,N/A
T0953s1TS322_4-D1,1.000,47.405,11,0.164,1,0.015,62.057,N/A,N/A,N/A,N/A,N/A,N/A,N/A,N/A
T0953s1TS309_1-D1,1.000,49.421,13,0.194,0,0.000,67.446,1pgu,0.910,38.937,0,0.000,1,0.010,98.593
T0953s1TS492_1-D1,1.000,34.840,0,0.000,0,0.000,74.331,N/A,N/A,N/A,N/A,N/A,N/A,N/A,N/A
T0953s1TS476_2-D1,1.000,56.069,0,0.000,0,0.000,89.200,N/A,N/A,N/A,N/A,N/A,N/A,N/A,N/A
T0953s1TS086_1-D1,1.000,36.787,0,0.000,1,0.015,61.778,N/A,N/A,N/A,N/A,N/A,N/A,N/A,N/A
T0953s1TS492_3-D1,1.000,34.618,0,0.000,0,0.000,68.087,N/A,N/A,N/A,N/A,N/A,N/A,N/A,N/A
T0953s1TS354_2-D1,1.000,36.557,0,0.000,0,0.000,68.174,N/A,N/A,N/A,N/A,N/A,N/A,N/A,N/A
T0953s1TS431_5-D1,1.000,36.124,2,0.030,0,0.000,64.959,N/A,N/A,N/A,N/A,N/A,N/A,N/A,N/A
T0953s1TS390_5-D1,1.000,33.198,0,0.000,0,0.000,65.090,N/A,N/A,N/A,N/A,N/A,N/A,N/A,N/A
